sample_name,p53_status,frame_name,region_label,numerator,denominator,percent,phenotype_label,measured,frame_index
HTAPP_NSC005bLT_FT,WT,"HTAPP_NSC005bLT_FT_Scan1_[13072,37337]",Any,17,258,6.589147287,% of CD68+ that are OPN+,TRUE,1
HTAPP_NSC005bLT_FT,WT,"HTAPP_NSC005bLT_FT_Scan1_[14783,38259]",Any,7,201,3.482587065,% of CD68+ that are OPN+,TRUE,3
HTAPP_NSC005bLT_FT,WT,"HTAPP_NSC005bLT_FT_Scan1_[13110,46241]",Any,8,729,1.09739369,% of CD68+ that are OPN+,TRUE,2
HTAPP_NSC005bLT_FT,WT,"HTAPP_NSC005bLT_FT_Scan1_[12147,37209]",Any,12,359,3.342618384,% of CD68+ that are OPN+,TRUE,0
HTAPP_NSC006bLT_FT,mut,"HTAPP_NSC006bLT_FT_Scan1_[9425,49016]",Any,600,1146,52.35602094,% of CD68+ that are OPN+,TRUE,5
HTAPP_NSC006bLT_FT,mut,"HTAPP_NSC006bLT_FT_Scan1_[7921,48546]",Any,374,1057,35.38315989,% of CD68+ that are OPN+,TRUE,2
HTAPP_NSC006bLT_FT,mut,"HTAPP_NSC006bLT_FT_Scan1_[15697,49550]",Any,84,646,13.00309598,% of CD68+ that are OPN+,TRUE,1
HTAPP_NSC006bLT_FT,mut,"HTAPP_NSC006bLT_FT_Scan1_[9107,50297]",Any,304,662,45.92145015,% of CD68+ that are OPN+,TRUE,4
HTAPP_NSC006bLT_FT,mut,"HTAPP_NSC006bLT_FT_Scan1_[12497,51462]",Any,176,1224,14.37908497,% of CD68+ that are OPN+,TRUE,0
HTAPP_NSC006bLT_FT,mut,"HTAPP_NSC006bLT_FT_Scan1_[8000,49772]",Any,214,940,22.76595745,% of CD68+ that are OPN+,TRUE,3
DFCI_GR_NSC014LT_FT,WT,"DFCI_GR_NSC014LT_FT_Scan1_[9521,41065]",Any,72,428,16.82242991,% of CD68+ that are OPN+,TRUE,8
DFCI_GR_NSC014LT_FT,WT,"DFCI_GR_NSC014LT_FT_Scan1_[9748,39432]",Any,226,715,31.60839161,% of CD68+ that are OPN+,TRUE,10
DFCI_GR_NSC014LT_FT,WT,"DFCI_GR_NSC014LT_FT_Scan1_[13604,44372]",Any,138,566,24.38162544,% of CD68+ that are OPN+,TRUE,3
DFCI_GR_NSC014LT_FT,WT,"DFCI_GR_NSC014LT_FT_Scan1_[9552,44491]",Any,57,852,6.690140845,% of CD68+ that are OPN+,TRUE,9
DFCI_GR_NSC014LT_FT,WT,"DFCI_GR_NSC014LT_FT_Scan1_[16256,40152]",Any,380,668,56.88622754,% of CD68+ that are OPN+,TRUE,5
DFCI_GR_NSC014LT_FT,WT,"DFCI_GR_NSC014LT_FT_Scan1_[12499,49270]",Any,230,1278,17.99687011,% of CD68+ that are OPN+,TRUE,2
DFCI_GR_NSC014LT_FT,WT,"DFCI_GR_NSC014LT_FT_Scan1_[11003,44843]",Any,54,813,6.642066421,% of CD68+ that are OPN+,TRUE,0
DFCI_GR_NSC014LT_FT,WT,"DFCI_GR_NSC014LT_FT_Scan1_[13924,46127]",Any,211,1013,20.82922014,% of CD68+ that are OPN+,TRUE,4
DFCI_GR_NSC014LT_FT,WT,"DFCI_GR_NSC014LT_FT_Scan1_[8789,46290]",Any,73,1019,7.163886163,% of CD68+ that are OPN+,TRUE,7
DFCI_GR_NSC014LT_FT,WT,"DFCI_GR_NSC014LT_FT_Scan1_[11653,48213]",Any,223,1200,18.58333333,% of CD68+ that are OPN+,TRUE,1
DFCI_GR_NSC014LT_FT,WT,"DFCI_GR_NSC014LT_FT_Scan1_[18041,35617]",Any,41,705,5.815602837,% of CD68+ that are OPN+,TRUE,6
HTAPP_NSC014bLT_FT_T1,mut,"HTAPP_NSC014bLT_FT_T1_Scan1_[14434,51380]",Any,68,440,15.45454545,% of CD68+ that are OPN+,TRUE,3
HTAPP_NSC014bLT_FT_T1,mut,"HTAPP_NSC014bLT_FT_T1_Scan1_[15363,41107]",Any,105,297,35.35353535,% of CD68+ that are OPN+,TRUE,4
HTAPP_NSC014bLT_FT_T1,mut,"HTAPP_NSC014bLT_FT_T1_Scan1_[16523,52149]",Any,44,761,5.781865966,% of CD68+ that are OPN+,TRUE,5
HTAPP_NSC014bLT_FT_T1,mut,"HTAPP_NSC014bLT_FT_T1_Scan1_[13046,48250]",Any,77,578,13.32179931,% of CD68+ that are OPN+,TRUE,1
HTAPP_NSC014bLT_FT_T1,mut,"HTAPP_NSC014bLT_FT_T1_Scan1_[12171,49425]",Any,57,571,9.982486865,% of CD68+ that are OPN+,TRUE,0
HTAPP_NSC014bLT_FT_T1,mut,"HTAPP_NSC014bLT_FT_T1_Scan1_[14046,52626]",Any,43,417,10.3117506,% of CD68+ that are OPN+,TRUE,2
HTAPP_NSC009bLT_FT_T1,WT,"HTAPP_NSC009bLT_FT_T1_Scan1_[12996,41700]",Any,194,911,21.29527991,% of CD68+ that are OPN+,TRUE,0
HTAPP_NSC009bLT_FT_T1,WT,"HTAPP_NSC009bLT_FT_T1_Scan1_[7009,35596]",Any,189,886,21.33182844,% of CD68+ that are OPN+,TRUE,2
HTAPP_NSC009bLT_FT_T1,WT,"HTAPP_NSC009bLT_FT_T1_Scan1_[5633,45269]",Any,23,893,2.575587906,% of CD68+ that are OPN+,TRUE,1
HTAPP_NSC009bLT_FT_T1,WT,"HTAPP_NSC009bLT_FT_T1_Scan1_[8804,44802]",Any,78,982,7.942973523,% of CD68+ that are OPN+,TRUE,5
HTAPP_NSC009bLT_FT_T1,WT,"HTAPP_NSC009bLT_FT_T1_Scan1_[7549,41059]",Any,11,501,2.195608782,% of CD68+ that are OPN+,TRUE,4
HTAPP_NSC009bLT_FT_T1,WT,"HTAPP_NSC009bLT_FT_T1_Scan1_[7109,40366]",Any,3,582,0.515463918,% of CD68+ that are OPN+,TRUE,3
HTAPP_NSC001bLT_FT,WT,"HTAPP_NSC001bLT_FT_Scan1_[14089,40791]",Any,2,232,0.862068966,% of CD68+ that are OPN+,TRUE,1
HTAPP_NSC001bLT_FT,WT,"HTAPP_NSC001bLT_FT_Scan1_[20291,37738]",Any,11,236,4.661016949,% of CD68+ that are OPN+,TRUE,2
HTAPP_NSC001bLT_FT,WT,"HTAPP_NSC001bLT_FT_Scan1_[12081,36100]",Any,2,122,1.639344262,% of CD68+ that are OPN+,TRUE,0
HTAPP_NSC001bLT_FT,WT,"HTAPP_NSC001bLT_FT_Scan1_[21813,38393]",Any,20,368,5.434782609,% of CD68+ that are OPN+,TRUE,3
HTAPP_NSC001bLT_FT,WT,"HTAPP_NSC001bLT_FT_Scan1_[9692,41708]",Any,0,267,0,% of CD68+ that are OPN+,TRUE,4
HTAPP_NSC011bLT_FT_T1,mut,"HTAPP_NSC011bLT_FT_T1_Scan1_[17092,50631]",Any,17,549,3.096539162,% of CD68+ that are OPN+,TRUE,2
HTAPP_NSC011bLT_FT_T1,mut,"HTAPP_NSC011bLT_FT_T1_Scan1_[15795,50024]",Any,23,310,7.419354839,% of CD68+ that are OPN+,TRUE,1
HTAPP_NSC011bLT_FT_T1,mut,"HTAPP_NSC011bLT_FT_T1_Scan1_[8870,52239]",Any,20,266,7.518796992,% of CD68+ that are OPN+,TRUE,4
HTAPP_NSC011bLT_FT_T1,mut,"HTAPP_NSC011bLT_FT_T1_Scan1_[17672,49244]",Any,25,351,7.122507123,% of CD68+ that are OPN+,TRUE,3
HTAPP_NSC011bLT_FT_T1,mut,"HTAPP_NSC011bLT_FT_T1_Scan1_[9172,50839]",Any,20,352,5.681818182,% of CD68+ that are OPN+,TRUE,5
HTAPP_NSC011bLT_FT_T1,mut,"HTAPP_NSC011bLT_FT_T1_Scan1_[15795,49330]",Any,81,517,15.66731141,% of CD68+ that are OPN+,TRUE,0
HTAPP_NSC019bLT_FT_T1,WT,"HTAPP_NSC019bLT_FT_T1_Scan1_[17926,49343]",Any,28,293,9.556313993,% of CD68+ that are OPN+,TRUE,2
HTAPP_NSC019bLT_FT_T1,WT,"HTAPP_NSC019bLT_FT_T1_Scan1_[18597,46320]",Any,19,194,9.793814433,% of CD68+ that are OPN+,TRUE,4
HTAPP_NSC019bLT_FT_T1,WT,"HTAPP_NSC019bLT_FT_T1_Scan1_[18093,43800]",Any,20,284,7.042253521,% of CD68+ that are OPN+,TRUE,3
HTAPP_NSC019bLT_FT_T1,WT,"HTAPP_NSC019bLT_FT_T1_Scan1_[9602,41710]",Any,117,455,25.71428571,% of CD68+ that are OPN+,TRUE,5
HTAPP_NSC019bLT_FT_T1,WT,"HTAPP_NSC019bLT_FT_T1_Scan1_[12929,45102]",Any,156,386,40.41450777,% of CD68+ that are OPN+,TRUE,0
HTAPP_NSC019bLT_FT_T1,WT,"HTAPP_NSC019bLT_FT_T1_Scan1_[14751,42558]",Any,237,571,41.5061296,% of CD68+ that are OPN+,TRUE,1
HTAPP_NSC004bLT_FT,WT,"HTAPP_NSC004bLT_FT_Scan1_[12294,38619]",Any,287,716,40.08379888,% of CD68+ that are OPN+,TRUE,0
HTAPP_NSC004bLT_FT,WT,"HTAPP_NSC004bLT_FT_Scan1_[16401,40644]",Any,316,515,61.3592233,% of CD68+ that are OPN+,TRUE,5
HTAPP_NSC004bLT_FT,WT,"HTAPP_NSC004bLT_FT_Scan1_[15837,38634]",Any,136,421,32.304038,% of CD68+ that are OPN+,TRUE,4
HTAPP_NSC004bLT_FT,WT,"HTAPP_NSC004bLT_FT_Scan1_[15476,40363]",Any,262,533,49.15572233,% of CD68+ that are OPN+,TRUE,3
HTAPP_NSC004bLT_FT,WT,"HTAPP_NSC004bLT_FT_Scan1_[14458,39669]",Any,452,639,70.73552426,% of CD68+ that are OPN+,TRUE,2
HTAPP_NSC004bLT_FT,WT,"HTAPP_NSC004bLT_FT_Scan1_[13380,38272]",Any,550,754,72.94429708,% of CD68+ that are OPN+,TRUE,1
HTAPP_NSC023bLT_FT_T1,WT,"HTAPP_NSC023bLT_FT_T1_Scan1_[11791,45367]",Any,1,443,0.225733634,% of CD68+ that are OPN+,TRUE,0
HTAPP_NSC023bLT_FT_T1,WT,"HTAPP_NSC023bLT_FT_T1_Scan1_[12815,45205]",Any,24,538,4.460966543,% of CD68+ that are OPN+,TRUE,2
HTAPP_NSC023bLT_FT_T1,WT,"HTAPP_NSC023bLT_FT_T1_Scan1_[16564,43540]",Any,4,387,1.033591731,% of CD68+ that are OPN+,TRUE,5
HTAPP_NSC023bLT_FT_T1,WT,"HTAPP_NSC023bLT_FT_T1_Scan1_[12359,46375]",Any,6,411,1.459854015,% of CD68+ that are OPN+,TRUE,1
HTAPP_NSC023bLT_FT_T1,WT,"HTAPP_NSC023bLT_FT_T1_Scan1_[16564,42847]",Any,0,408,0,% of CD68+ that are OPN+,TRUE,4
HTAPP_NSC023bLT_FT_T1,WT,"HTAPP_NSC023bLT_FT_T1_Scan1_[12859,44279]",Any,20,578,3.460207612,% of CD68+ that are OPN+,TRUE,3
HTAPP_NSC005bLT_FT,WT,"HTAPP_NSC005bLT_FT_Scan1_[13072,37337]",Any,265,695,38.1294964,% of Total cells that are Glut+ within 50um of CD68+OPN+,TRUE,1
HTAPP_NSC005bLT_FT,WT,"HTAPP_NSC005bLT_FT_Scan1_[14783,38259]",Any,127,520,24.42307692,% of Total cells that are Glut+ within 50um of CD68+OPN+,TRUE,3
HTAPP_NSC005bLT_FT,WT,"HTAPP_NSC005bLT_FT_Scan1_[13110,46241]",Any,204,563,36.23445826,% of Total cells that are Glut+ within 50um of CD68+OPN+,TRUE,2
HTAPP_NSC005bLT_FT,WT,"HTAPP_NSC005bLT_FT_Scan1_[12147,37209]",Any,185,623,29.69502408,% of Total cells that are Glut+ within 50um of CD68+OPN+,TRUE,0
HTAPP_NSC006bLT_FT,mut,"HTAPP_NSC006bLT_FT_Scan1_[9425,49016]",Any,1674,7003,23.90404113,% of Total cells that are Glut+ within 50um of CD68+OPN+,TRUE,5
HTAPP_NSC006bLT_FT,mut,"HTAPP_NSC006bLT_FT_Scan1_[7921,48546]",Any,1584,6395,24.76935106,% of Total cells that are Glut+ within 50um of CD68+OPN+,TRUE,2
HTAPP_NSC006bLT_FT,mut,"HTAPP_NSC006bLT_FT_Scan1_[15697,49550]",Any,937,2241,41.81169121,% of Total cells that are Glut+ within 50um of CD68+OPN+,TRUE,1
HTAPP_NSC006bLT_FT,mut,"HTAPP_NSC006bLT_FT_Scan1_[9107,50297]",Any,2989,4864,61.45148026,% of Total cells that are Glut+ within 50um of CD68+OPN+,TRUE,4
HTAPP_NSC006bLT_FT,mut,"HTAPP_NSC006bLT_FT_Scan1_[12497,51462]",Any,1647,5584,29.49498567,% of Total cells that are Glut+ within 50um of CD68+OPN+,TRUE,0
HTAPP_NSC006bLT_FT,mut,"HTAPP_NSC006bLT_FT_Scan1_[8000,49772]",Any,1503,5119,29.36120336,% of Total cells that are Glut+ within 50um of CD68+OPN+,TRUE,3
DFCI_GR_NSC014LT_FT,WT,"DFCI_GR_NSC014LT_FT_Scan1_[9521,41065]",Any,634,1368,46.34502924,% of Total cells that are Glut+ within 50um of CD68+OPN+,TRUE,8
DFCI_GR_NSC014LT_FT,WT,"DFCI_GR_NSC014LT_FT_Scan1_[9748,39432]",Any,824,1793,45.95649749,% of Total cells that are Glut+ within 50um of CD68+OPN+,TRUE,10
DFCI_GR_NSC014LT_FT,WT,"DFCI_GR_NSC014LT_FT_Scan1_[13604,44372]",Any,736,1928,38.17427386,% of Total cells that are Glut+ within 50um of CD68+OPN+,TRUE,3
DFCI_GR_NSC014LT_FT,WT,"DFCI_GR_NSC014LT_FT_Scan1_[9552,44491]",Any,405,1777,22.79122116,% of Total cells that are Glut+ within 50um of CD68+OPN+,TRUE,9
DFCI_GR_NSC014LT_FT,WT,"DFCI_GR_NSC014LT_FT_Scan1_[16256,40152]",Any,849,2413,35.18441774,% of Total cells that are Glut+ within 50um of CD68+OPN+,TRUE,5
DFCI_GR_NSC014LT_FT,WT,"DFCI_GR_NSC014LT_FT_Scan1_[12499,49270]",Any,1113,2728,40.79912023,% of Total cells that are Glut+ within 50um of CD68+OPN+,TRUE,2
DFCI_GR_NSC014LT_FT,WT,"DFCI_GR_NSC014LT_FT_Scan1_[11003,44843]",Any,388,1287,30.14763015,% of Total cells that are Glut+ within 50um of CD68+OPN+,TRUE,0
DFCI_GR_NSC014LT_FT,WT,"DFCI_GR_NSC014LT_FT_Scan1_[13924,46127]",Any,984,3401,28.93266686,% of Total cells that are Glut+ within 50um of CD68+OPN+,TRUE,4
DFCI_GR_NSC014LT_FT,WT,"DFCI_GR_NSC014LT_FT_Scan1_[8789,46290]",Any,365,2755,13.24863884,% of Total cells that are Glut+ within 50um of CD68+OPN+,TRUE,7
DFCI_GR_NSC014LT_FT,WT,"DFCI_GR_NSC014LT_FT_Scan1_[11653,48213]",Any,777,4290,18.11188811,% of Total cells that are Glut+ within 50um of CD68+OPN+,TRUE,1
DFCI_GR_NSC014LT_FT,WT,"DFCI_GR_NSC014LT_FT_Scan1_[18041,35617]",Any,287,938,30.59701493,% of Total cells that are Glut+ within 50um of CD68+OPN+,TRUE,6
HTAPP_NSC014bLT_FT_T1,mut,"HTAPP_NSC014bLT_FT_T1_Scan1_[14434,51380]",Any,1468,2339,62.76186404,% of Total cells that are Glut+ within 50um of CD68+OPN+,TRUE,3
HTAPP_NSC014bLT_FT_T1,mut,"HTAPP_NSC014bLT_FT_T1_Scan1_[15363,41107]",Any,1637,3081,53.13209997,% of Total cells that are Glut+ within 50um of CD68+OPN+,TRUE,4
HTAPP_NSC014bLT_FT_T1,mut,"HTAPP_NSC014bLT_FT_T1_Scan1_[16523,52149]",Any,952,1609,59.16718459,% of Total cells that are Glut+ within 50um of CD68+OPN+,TRUE,5
HTAPP_NSC014bLT_FT_T1,mut,"HTAPP_NSC014bLT_FT_T1_Scan1_[13046,48250]",Any,1576,2600,60.61538462,% of Total cells that are Glut+ within 50um of CD68+OPN+,TRUE,1
HTAPP_NSC014bLT_FT_T1,mut,"HTAPP_NSC014bLT_FT_T1_Scan1_[12171,49425]",Any,1023,2036,50.24557957,% of Total cells that are Glut+ within 50um of CD68+OPN+,TRUE,0
HTAPP_NSC014bLT_FT_T1,mut,"HTAPP_NSC014bLT_FT_T1_Scan1_[14046,52626]",Any,964,1333,72.31807952,% of Total cells that are Glut+ within 50um of CD68+OPN+,TRUE,2
HTAPP_NSC009bLT_FT_T1,WT,"HTAPP_NSC009bLT_FT_T1_Scan1_[12996,41700]",Any,1390,3312,41.96859903,% of Total cells that are Glut+ within 50um of CD68+OPN+,TRUE,0
HTAPP_NSC009bLT_FT_T1,WT,"HTAPP_NSC009bLT_FT_T1_Scan1_[7009,35596]",Any,1805,3584,50.36272321,% of Total cells that are Glut+ within 50um of CD68+OPN+,TRUE,2
HTAPP_NSC009bLT_FT_T1,WT,"HTAPP_NSC009bLT_FT_T1_Scan1_[5633,45269]",Any,282,1196,23.57859532,% of Total cells that are Glut+ within 50um of CD68+OPN+,TRUE,1
HTAPP_NSC009bLT_FT_T1,WT,"HTAPP_NSC009bLT_FT_T1_Scan1_[8804,44802]",Any,429,2011,21.33267031,% of Total cells that are Glut+ within 50um of CD68+OPN+,TRUE,5
HTAPP_NSC009bLT_FT_T1,WT,"HTAPP_NSC009bLT_FT_T1_Scan1_[7549,41059]",Any,169,460,36.73913043,% of Total cells that are Glut+ within 50um of CD68+OPN+,TRUE,4
HTAPP_NSC009bLT_FT_T1,WT,"HTAPP_NSC009bLT_FT_T1_Scan1_[7109,40366]",Any,50,125,40,% of Total cells that are Glut+ within 50um of CD68+OPN+,TRUE,3
HTAPP_NSC001bLT_FT,WT,"HTAPP_NSC001bLT_FT_Scan1_[14089,40791]",Any,48,130,36.92307692,% of Total cells that are Glut+ within 50um of CD68+OPN+,TRUE,1
HTAPP_NSC001bLT_FT,WT,"HTAPP_NSC001bLT_FT_Scan1_[20291,37738]",Any,138,353,39.09348442,% of Total cells that are Glut+ within 50um of CD68+OPN+,TRUE,2
HTAPP_NSC001bLT_FT,WT,"HTAPP_NSC001bLT_FT_Scan1_[12081,36100]",Any,2,150,1.333333333,% of Total cells that are Glut+ within 50um of CD68+OPN+,TRUE,0
HTAPP_NSC001bLT_FT,WT,"HTAPP_NSC001bLT_FT_Scan1_[21813,38393]",Any,174,646,26.93498452,% of Total cells that are Glut+ within 50um of CD68+OPN+,TRUE,3
HTAPP_NSC001bLT_FT,WT,"HTAPP_NSC001bLT_FT_Scan1_[9692,41708]",Any,0,0,,% of Total cells that are Glut+ within 50um of CD68+OPN+,FALSE,4
HTAPP_NSC011bLT_FT_T1,mut,"HTAPP_NSC011bLT_FT_T1_Scan1_[17092,50631]",Any,55,1241,4.43190975,% of Total cells that are Glut+ within 50um of CD68+OPN+,TRUE,2
HTAPP_NSC011bLT_FT_T1,mut,"HTAPP_NSC011bLT_FT_T1_Scan1_[15795,50024]",Any,87,1096,7.937956204,% of Total cells that are Glut+ within 50um of CD68+OPN+,TRUE,1
HTAPP_NSC011bLT_FT_T1,mut,"HTAPP_NSC011bLT_FT_T1_Scan1_[8870,52239]",Any,15,1054,1.423149905,% of Total cells that are Glut+ within 50um of CD68+OPN+,TRUE,4
HTAPP_NSC011bLT_FT_T1,mut,"HTAPP_NSC011bLT_FT_T1_Scan1_[17672,49244]",Any,75,987,7.598784195,% of Total cells that are Glut+ within 50um of CD68+OPN+,TRUE,3
HTAPP_NSC011bLT_FT_T1,mut,"HTAPP_NSC011bLT_FT_T1_Scan1_[9172,50839]",Any,33,928,3.556034483,% of Total cells that are Glut+ within 50um of CD68+OPN+,TRUE,5
HTAPP_NSC011bLT_FT_T1,mut,"HTAPP_NSC011bLT_FT_T1_Scan1_[15795,49330]",Any,315,2986,10.54922974,% of Total cells that are Glut+ within 50um of CD68+OPN+,TRUE,0
HTAPP_NSC019bLT_FT_T1,WT,"HTAPP_NSC019bLT_FT_T1_Scan1_[17926,49343]",Any,252,991,25.42885974,% of Total cells that are Glut+ within 50um of CD68+OPN+,TRUE,2
HTAPP_NSC019bLT_FT_T1,WT,"HTAPP_NSC019bLT_FT_T1_Scan1_[18597,46320]",Any,137,540,25.37037037,% of Total cells that are Glut+ within 50um of CD68+OPN+,TRUE,4
HTAPP_NSC019bLT_FT_T1,WT,"HTAPP_NSC019bLT_FT_T1_Scan1_[18093,43800]",Any,87,793,10.97099622,% of Total cells that are Glut+ within 50um of CD68+OPN+,TRUE,3
HTAPP_NSC019bLT_FT_T1,WT,"HTAPP_NSC019bLT_FT_T1_Scan1_[9602,41710]",Any,577,1677,34.40667859,% of Total cells that are Glut+ within 50um of CD68+OPN+,TRUE,5
HTAPP_NSC019bLT_FT_T1,WT,"HTAPP_NSC019bLT_FT_T1_Scan1_[12929,45102]",Any,458,1841,24.87778381,% of Total cells that are Glut+ within 50um of CD68+OPN+,TRUE,0
HTAPP_NSC019bLT_FT_T1,WT,"HTAPP_NSC019bLT_FT_T1_Scan1_[14751,42558]",Any,1121,3094,36.23141564,% of Total cells that are Glut+ within 50um of CD68+OPN+,TRUE,1
HTAPP_NSC004bLT_FT,WT,"HTAPP_NSC004bLT_FT_Scan1_[12294,38619]",Any,715,4316,16.56626506,% of Total cells that are Glut+ within 50um of CD68+OPN+,TRUE,0
HTAPP_NSC004bLT_FT,WT,"HTAPP_NSC004bLT_FT_Scan1_[16401,40644]",Any,454,4060,11.18226601,% of Total cells that are Glut+ within 50um of CD68+OPN+,TRUE,5
HTAPP_NSC004bLT_FT,WT,"HTAPP_NSC004bLT_FT_Scan1_[15837,38634]",Any,333,3295,10.10622155,% of Total cells that are Glut+ within 50um of CD68+OPN+,TRUE,4
HTAPP_NSC004bLT_FT,WT,"HTAPP_NSC004bLT_FT_Scan1_[15476,40363]",Any,439,3696,11.87770563,% of Total cells that are Glut+ within 50um of CD68+OPN+,TRUE,3
HTAPP_NSC004bLT_FT,WT,"HTAPP_NSC004bLT_FT_Scan1_[14458,39669]",Any,590,4423,13.33936242,% of Total cells that are Glut+ within 50um of CD68+OPN+,TRUE,2
HTAPP_NSC004bLT_FT,WT,"HTAPP_NSC004bLT_FT_Scan1_[13380,38272]",Any,567,5017,11.30157465,% of Total cells that are Glut+ within 50um of CD68+OPN+,TRUE,1
HTAPP_NSC023bLT_FT_T1,WT,"HTAPP_NSC023bLT_FT_T1_Scan1_[11791,45367]",Any,64,95,67.36842105,% of Total cells that are Glut+ within 50um of CD68+OPN+,TRUE,0
HTAPP_NSC023bLT_FT_T1,WT,"HTAPP_NSC023bLT_FT_T1_Scan1_[12815,45205]",Any,393,661,59.45537065,% of Total cells that are Glut+ within 50um of CD68+OPN+,TRUE,2
HTAPP_NSC023bLT_FT_T1,WT,"HTAPP_NSC023bLT_FT_T1_Scan1_[16564,43540]",Any,107,212,50.47169811,% of Total cells that are Glut+ within 50um of CD68+OPN+,TRUE,5
HTAPP_NSC023bLT_FT_T1,WT,"HTAPP_NSC023bLT_FT_T1_Scan1_[12359,46375]",Any,190,445,42.69662921,% of Total cells that are Glut+ within 50um of CD68+OPN+,TRUE,1
HTAPP_NSC023bLT_FT_T1,WT,"HTAPP_NSC023bLT_FT_T1_Scan1_[16564,42847]",Any,0,0,,% of Total cells that are Glut+ within 50um of CD68+OPN+,FALSE,4
HTAPP_NSC023bLT_FT_T1,WT,"HTAPP_NSC023bLT_FT_T1_Scan1_[12859,44279]",Any,517,825,62.66666667,% of Total cells that are Glut+ within 50um of CD68+OPN+,TRUE,3
HTAPP_NSC005bLT_FT,WT,"HTAPP_NSC005bLT_FT_Scan1_[13072,37337]",Any,8,695,1.151079137,% of Total cells that are CD31+ within 50um of CD68+OPN+,TRUE,1
HTAPP_NSC005bLT_FT,WT,"HTAPP_NSC005bLT_FT_Scan1_[14783,38259]",Any,10,520,1.923076923,% of Total cells that are CD31+ within 50um of CD68+OPN+,TRUE,3
HTAPP_NSC005bLT_FT,WT,"HTAPP_NSC005bLT_FT_Scan1_[13110,46241]",Any,6,563,1.065719361,% of Total cells that are CD31+ within 50um of CD68+OPN+,TRUE,2
HTAPP_NSC005bLT_FT,WT,"HTAPP_NSC005bLT_FT_Scan1_[12147,37209]",Any,26,623,4.173354735,% of Total cells that are CD31+ within 50um of CD68+OPN+,TRUE,0
HTAPP_NSC006bLT_FT,mut,"HTAPP_NSC006bLT_FT_Scan1_[9425,49016]",Any,556,7003,7.939454519,% of Total cells that are CD31+ within 50um of CD68+OPN+,TRUE,5
HTAPP_NSC006bLT_FT,mut,"HTAPP_NSC006bLT_FT_Scan1_[7921,48546]",Any,342,6395,5.347928069,% of Total cells that are CD31+ within 50um of CD68+OPN+,TRUE,2
HTAPP_NSC006bLT_FT,mut,"HTAPP_NSC006bLT_FT_Scan1_[15697,49550]",Any,28,2241,1.249442213,% of Total cells that are CD31+ within 50um of CD68+OPN+,TRUE,1
HTAPP_NSC006bLT_FT,mut,"HTAPP_NSC006bLT_FT_Scan1_[9107,50297]",Any,94,4864,1.932565789,% of Total cells that are CD31+ within 50um of CD68+OPN+,TRUE,4
HTAPP_NSC006bLT_FT,mut,"HTAPP_NSC006bLT_FT_Scan1_[12497,51462]",Any,44,5584,0.787965616,% of Total cells that are CD31+ within 50um of CD68+OPN+,TRUE,0
HTAPP_NSC006bLT_FT,mut,"HTAPP_NSC006bLT_FT_Scan1_[8000,49772]",Any,181,5119,3.535846845,% of Total cells that are CD31+ within 50um of CD68+OPN+,TRUE,3
DFCI_GR_NSC014LT_FT,WT,"DFCI_GR_NSC014LT_FT_Scan1_[9521,41065]",Any,51,1368,3.728070175,% of Total cells that are CD31+ within 50um of CD68+OPN+,TRUE,8
DFCI_GR_NSC014LT_FT,WT,"DFCI_GR_NSC014LT_FT_Scan1_[9748,39432]",Any,38,1793,2.11935304,% of Total cells that are CD31+ within 50um of CD68+OPN+,TRUE,10
DFCI_GR_NSC014LT_FT,WT,"DFCI_GR_NSC014LT_FT_Scan1_[13604,44372]",Any,86,1928,4.460580913,% of Total cells that are CD31+ within 50um of CD68+OPN+,TRUE,3
DFCI_GR_NSC014LT_FT,WT,"DFCI_GR_NSC014LT_FT_Scan1_[9552,44491]",Any,146,1777,8.216094541,% of Total cells that are CD31+ within 50um of CD68+OPN+,TRUE,9
DFCI_GR_NSC014LT_FT,WT,"DFCI_GR_NSC014LT_FT_Scan1_[16256,40152]",Any,127,2413,5.263157895,% of Total cells that are CD31+ within 50um of CD68+OPN+,TRUE,5
DFCI_GR_NSC014LT_FT,WT,"DFCI_GR_NSC014LT_FT_Scan1_[12499,49270]",Any,106,2728,3.885630499,% of Total cells that are CD31+ within 50um of CD68+OPN+,TRUE,2
DFCI_GR_NSC014LT_FT,WT,"DFCI_GR_NSC014LT_FT_Scan1_[11003,44843]",Any,102,1287,7.925407925,% of Total cells that are CD31+ within 50um of CD68+OPN+,TRUE,0
DFCI_GR_NSC014LT_FT,WT,"DFCI_GR_NSC014LT_FT_Scan1_[13924,46127]",Any,116,3401,3.410761541,% of Total cells that are CD31+ within 50um of CD68+OPN+,TRUE,4
DFCI_GR_NSC014LT_FT,WT,"DFCI_GR_NSC014LT_FT_Scan1_[8789,46290]",Any,337,2755,12.2323049,% of Total cells that are CD31+ within 50um of CD68+OPN+,TRUE,7
DFCI_GR_NSC014LT_FT,WT,"DFCI_GR_NSC014LT_FT_Scan1_[11653,48213]",Any,429,4290,10,% of Total cells that are CD31+ within 50um of CD68+OPN+,TRUE,1
DFCI_GR_NSC014LT_FT,WT,"DFCI_GR_NSC014LT_FT_Scan1_[18041,35617]",Any,129,938,13.75266525,% of Total cells that are CD31+ within 50um of CD68+OPN+,TRUE,6
HTAPP_NSC014bLT_FT_T1,mut,"HTAPP_NSC014bLT_FT_T1_Scan1_[14434,51380]",Any,53,2339,2.265925609,% of Total cells that are CD31+ within 50um of CD68+OPN+,TRUE,3
HTAPP_NSC014bLT_FT_T1,mut,"HTAPP_NSC014bLT_FT_T1_Scan1_[15363,41107]",Any,94,3081,3.050957481,% of Total cells that are CD31+ within 50um of CD68+OPN+,TRUE,4
HTAPP_NSC014bLT_FT_T1,mut,"HTAPP_NSC014bLT_FT_T1_Scan1_[16523,52149]",Any,39,1609,2.423865755,% of Total cells that are CD31+ within 50um of CD68+OPN+,TRUE,5
HTAPP_NSC014bLT_FT_T1,mut,"HTAPP_NSC014bLT_FT_T1_Scan1_[13046,48250]",Any,39,2600,1.5,% of Total cells that are CD31+ within 50um of CD68+OPN+,TRUE,1
HTAPP_NSC014bLT_FT_T1,mut,"HTAPP_NSC014bLT_FT_T1_Scan1_[12171,49425]",Any,63,2036,3.094302554,% of Total cells that are CD31+ within 50um of CD68+OPN+,TRUE,0
HTAPP_NSC014bLT_FT_T1,mut,"HTAPP_NSC014bLT_FT_T1_Scan1_[14046,52626]",Any,9,1333,0.675168792,% of Total cells that are CD31+ within 50um of CD68+OPN+,TRUE,2
HTAPP_NSC009bLT_FT_T1,WT,"HTAPP_NSC009bLT_FT_T1_Scan1_[12996,41700]",Any,297,3312,8.967391304,% of Total cells that are CD31+ within 50um of CD68+OPN+,TRUE,0
HTAPP_NSC009bLT_FT_T1,WT,"HTAPP_NSC009bLT_FT_T1_Scan1_[7009,35596]",Any,352,3584,9.821428571,% of Total cells that are CD31+ within 50um of CD68+OPN+,TRUE,2
HTAPP_NSC009bLT_FT_T1,WT,"HTAPP_NSC009bLT_FT_T1_Scan1_[5633,45269]",Any,117,1196,9.782608696,% of Total cells that are CD31+ within 50um of CD68+OPN+,TRUE,1
HTAPP_NSC009bLT_FT_T1,WT,"HTAPP_NSC009bLT_FT_T1_Scan1_[8804,44802]",Any,184,2011,9.149676778,% of Total cells that are CD31+ within 50um of CD68+OPN+,TRUE,5
HTAPP_NSC009bLT_FT_T1,WT,"HTAPP_NSC009bLT_FT_T1_Scan1_[7549,41059]",Any,55,460,11.95652174,% of Total cells that are CD31+ within 50um of CD68+OPN+,TRUE,4
HTAPP_NSC009bLT_FT_T1,WT,"HTAPP_NSC009bLT_FT_T1_Scan1_[7109,40366]",Any,12,125,9.6,% of Total cells that are CD31+ within 50um of CD68+OPN+,TRUE,3
HTAPP_NSC001bLT_FT,WT,"HTAPP_NSC001bLT_FT_Scan1_[14089,40791]",Any,2,130,1.538461538,% of Total cells that are CD31+ within 50um of CD68+OPN+,TRUE,1
HTAPP_NSC001bLT_FT,WT,"HTAPP_NSC001bLT_FT_Scan1_[20291,37738]",Any,11,353,3.116147309,% of Total cells that are CD31+ within 50um of CD68+OPN+,TRUE,2
HTAPP_NSC001bLT_FT,WT,"HTAPP_NSC001bLT_FT_Scan1_[12081,36100]",Any,6,150,4,% of Total cells that are CD31+ within 50um of CD68+OPN+,TRUE,0
HTAPP_NSC001bLT_FT,WT,"HTAPP_NSC001bLT_FT_Scan1_[21813,38393]",Any,37,646,5.72755418,% of Total cells that are CD31+ within 50um of CD68+OPN+,TRUE,3
HTAPP_NSC001bLT_FT,WT,"HTAPP_NSC001bLT_FT_Scan1_[9692,41708]",Any,0,0,,% of Total cells that are CD31+ within 50um of CD68+OPN+,FALSE,4
HTAPP_NSC011bLT_FT_T1,mut,"HTAPP_NSC011bLT_FT_T1_Scan1_[17092,50631]",Any,18,1241,1.450443191,% of Total cells that are CD31+ within 50um of CD68+OPN+,TRUE,2
HTAPP_NSC011bLT_FT_T1,mut,"HTAPP_NSC011bLT_FT_T1_Scan1_[15795,50024]",Any,35,1096,3.193430657,% of Total cells that are CD31+ within 50um of CD68+OPN+,TRUE,1
HTAPP_NSC011bLT_FT_T1,mut,"HTAPP_NSC011bLT_FT_T1_Scan1_[8870,52239]",Any,91,1054,8.633776091,% of Total cells that are CD31+ within 50um of CD68+OPN+,TRUE,4
HTAPP_NSC011bLT_FT_T1,mut,"HTAPP_NSC011bLT_FT_T1_Scan1_[17672,49244]",Any,77,987,7.80141844,% of Total cells that are CD31+ within 50um of CD68+OPN+,TRUE,3
HTAPP_NSC011bLT_FT_T1,mut,"HTAPP_NSC011bLT_FT_T1_Scan1_[9172,50839]",Any,72,928,7.75862069,% of Total cells that are CD31+ within 50um of CD68+OPN+,TRUE,5
HTAPP_NSC011bLT_FT_T1,mut,"HTAPP_NSC011bLT_FT_T1_Scan1_[15795,49330]",Any,126,2986,4.219691896,% of Total cells that are CD31+ within 50um of CD68+OPN+,TRUE,0
HTAPP_NSC019bLT_FT_T1,WT,"HTAPP_NSC019bLT_FT_T1_Scan1_[17926,49343]",Any,38,991,3.834510595,% of Total cells that are CD31+ within 50um of CD68+OPN+,TRUE,2
HTAPP_NSC019bLT_FT_T1,WT,"HTAPP_NSC019bLT_FT_T1_Scan1_[18597,46320]",Any,47,540,8.703703704,% of Total cells that are CD31+ within 50um of CD68+OPN+,TRUE,4
HTAPP_NSC019bLT_FT_T1,WT,"HTAPP_NSC019bLT_FT_T1_Scan1_[18093,43800]",Any,41,793,5.170239596,% of Total cells that are CD31+ within 50um of CD68+OPN+,TRUE,3
HTAPP_NSC019bLT_FT_T1,WT,"HTAPP_NSC019bLT_FT_T1_Scan1_[9602,41710]",Any,128,1677,7.6326774,% of Total cells that are CD31+ within 50um of CD68+OPN+,TRUE,5
HTAPP_NSC019bLT_FT_T1,WT,"HTAPP_NSC019bLT_FT_T1_Scan1_[12929,45102]",Any,120,1841,6.518196632,% of Total cells that are CD31+ within 50um of CD68+OPN+,TRUE,0
HTAPP_NSC019bLT_FT_T1,WT,"HTAPP_NSC019bLT_FT_T1_Scan1_[14751,42558]",Any,130,3094,4.201680672,% of Total cells that are CD31+ within 50um of CD68+OPN+,TRUE,1
HTAPP_NSC004bLT_FT,WT,"HTAPP_NSC004bLT_FT_Scan1_[12294,38619]",Any,235,4316,5.444856348,% of Total cells that are CD31+ within 50um of CD68+OPN+,TRUE,0
HTAPP_NSC004bLT_FT,WT,"HTAPP_NSC004bLT_FT_Scan1_[16401,40644]",Any,196,4060,4.827586207,% of Total cells that are CD31+ within 50um of CD68+OPN+,TRUE,5
HTAPP_NSC004bLT_FT,WT,"HTAPP_NSC004bLT_FT_Scan1_[15837,38634]",Any,148,3295,4.491654021,% of Total cells that are CD31+ within 50um of CD68+OPN+,TRUE,4
HTAPP_NSC004bLT_FT,WT,"HTAPP_NSC004bLT_FT_Scan1_[15476,40363]",Any,165,3696,4.464285714,% of Total cells that are CD31+ within 50um of CD68+OPN+,TRUE,3
HTAPP_NSC004bLT_FT,WT,"HTAPP_NSC004bLT_FT_Scan1_[14458,39669]",Any,203,4423,4.589645037,% of Total cells that are CD31+ within 50um of CD68+OPN+,TRUE,2
HTAPP_NSC004bLT_FT,WT,"HTAPP_NSC004bLT_FT_Scan1_[13380,38272]",Any,323,5017,6.438110425,% of Total cells that are CD31+ within 50um of CD68+OPN+,TRUE,1
HTAPP_NSC023bLT_FT_T1,WT,"HTAPP_NSC023bLT_FT_T1_Scan1_[11791,45367]",Any,5,95,5.263157895,% of Total cells that are CD31+ within 50um of CD68+OPN+,TRUE,0
HTAPP_NSC023bLT_FT_T1,WT,"HTAPP_NSC023bLT_FT_T1_Scan1_[12815,45205]",Any,22,661,3.328290469,% of Total cells that are CD31+ within 50um of CD68+OPN+,TRUE,2
HTAPP_NSC023bLT_FT_T1,WT,"HTAPP_NSC023bLT_FT_T1_Scan1_[16564,43540]",Any,40,212,18.86792453,% of Total cells that are CD31+ within 50um of CD68+OPN+,TRUE,5
HTAPP_NSC023bLT_FT_T1,WT,"HTAPP_NSC023bLT_FT_T1_Scan1_[12359,46375]",Any,21,445,4.719101124,% of Total cells that are CD31+ within 50um of CD68+OPN+,TRUE,1
HTAPP_NSC023bLT_FT_T1,WT,"HTAPP_NSC023bLT_FT_T1_Scan1_[16564,42847]",Any,0,0,,% of Total cells that are CD31+ within 50um of CD68+OPN+,FALSE,4
HTAPP_NSC023bLT_FT_T1,WT,"HTAPP_NSC023bLT_FT_T1_Scan1_[12859,44279]",Any,52,825,6.303030303,% of Total cells that are CD31+ within 50um of CD68+OPN+,TRUE,3
HTAPP_NSC005bLT_FT,WT,"HTAPP_NSC005bLT_FT_Scan1_[13072,37337]",Any,69,695,9.928057554,% of Total cells that are Actin+ within 50um of CD68+OPN+,TRUE,1
HTAPP_NSC005bLT_FT,WT,"HTAPP_NSC005bLT_FT_Scan1_[14783,38259]",Any,22,520,4.230769231,% of Total cells that are Actin+ within 50um of CD68+OPN+,TRUE,3
HTAPP_NSC005bLT_FT,WT,"HTAPP_NSC005bLT_FT_Scan1_[13110,46241]",Any,39,563,6.927175844,% of Total cells that are Actin+ within 50um of CD68+OPN+,TRUE,2
HTAPP_NSC005bLT_FT,WT,"HTAPP_NSC005bLT_FT_Scan1_[12147,37209]",Any,20,623,3.210272873,% of Total cells that are Actin+ within 50um of CD68+OPN+,TRUE,0
HTAPP_NSC006bLT_FT,mut,"HTAPP_NSC006bLT_FT_Scan1_[9425,49016]",Any,587,7003,8.382121948,% of Total cells that are Actin+ within 50um of CD68+OPN+,TRUE,5
HTAPP_NSC006bLT_FT,mut,"HTAPP_NSC006bLT_FT_Scan1_[7921,48546]",Any,294,6395,4.597341673,% of Total cells that are Actin+ within 50um of CD68+OPN+,TRUE,2
HTAPP_NSC006bLT_FT,mut,"HTAPP_NSC006bLT_FT_Scan1_[15697,49550]",Any,358,2241,15.97501116,% of Total cells that are Actin+ within 50um of CD68+OPN+,TRUE,1
HTAPP_NSC006bLT_FT,mut,"HTAPP_NSC006bLT_FT_Scan1_[9107,50297]",Any,150,4864,3.083881579,% of Total cells that are Actin+ within 50um of CD68+OPN+,TRUE,4
HTAPP_NSC006bLT_FT,mut,"HTAPP_NSC006bLT_FT_Scan1_[12497,51462]",Any,377,5584,6.751432665,% of Total cells that are Actin+ within 50um of CD68+OPN+,TRUE,0
HTAPP_NSC006bLT_FT,mut,"HTAPP_NSC006bLT_FT_Scan1_[8000,49772]",Any,336,5119,6.563781989,% of Total cells that are Actin+ within 50um of CD68+OPN+,TRUE,3
DFCI_GR_NSC014LT_FT,WT,"DFCI_GR_NSC014LT_FT_Scan1_[9521,41065]",Any,177,1368,12.93859649,% of Total cells that are Actin+ within 50um of CD68+OPN+,TRUE,8
DFCI_GR_NSC014LT_FT,WT,"DFCI_GR_NSC014LT_FT_Scan1_[9748,39432]",Any,155,1793,8.644729504,% of Total cells that are Actin+ within 50um of CD68+OPN+,TRUE,10
DFCI_GR_NSC014LT_FT,WT,"DFCI_GR_NSC014LT_FT_Scan1_[13604,44372]",Any,305,1928,15.81950207,% of Total cells that are Actin+ within 50um of CD68+OPN+,TRUE,3
DFCI_GR_NSC014LT_FT,WT,"DFCI_GR_NSC014LT_FT_Scan1_[9552,44491]",Any,223,1777,12.54924029,% of Total cells that are Actin+ within 50um of CD68+OPN+,TRUE,9
DFCI_GR_NSC014LT_FT,WT,"DFCI_GR_NSC014LT_FT_Scan1_[16256,40152]",Any,322,2413,13.34438458,% of Total cells that are Actin+ within 50um of CD68+OPN+,TRUE,5
DFCI_GR_NSC014LT_FT,WT,"DFCI_GR_NSC014LT_FT_Scan1_[12499,49270]",Any,388,2728,14.2228739,% of Total cells that are Actin+ within 50um of CD68+OPN+,TRUE,2
DFCI_GR_NSC014LT_FT,WT,"DFCI_GR_NSC014LT_FT_Scan1_[11003,44843]",Any,171,1287,13.28671329,% of Total cells that are Actin+ within 50um of CD68+OPN+,TRUE,0
DFCI_GR_NSC014LT_FT,WT,"DFCI_GR_NSC014LT_FT_Scan1_[13924,46127]",Any,597,3401,17.55366069,% of Total cells that are Actin+ within 50um of CD68+OPN+,TRUE,4
DFCI_GR_NSC014LT_FT,WT,"DFCI_GR_NSC014LT_FT_Scan1_[8789,46290]",Any,264,2755,9.582577132,% of Total cells that are Actin+ within 50um of CD68+OPN+,TRUE,7
DFCI_GR_NSC014LT_FT,WT,"DFCI_GR_NSC014LT_FT_Scan1_[11653,48213]",Any,518,4290,12.07459207,% of Total cells that are Actin+ within 50um of CD68+OPN+,TRUE,1
DFCI_GR_NSC014LT_FT,WT,"DFCI_GR_NSC014LT_FT_Scan1_[18041,35617]",Any,55,938,5.863539446,% of Total cells that are Actin+ within 50um of CD68+OPN+,TRUE,6
HTAPP_NSC014bLT_FT_T1,mut,"HTAPP_NSC014bLT_FT_T1_Scan1_[14434,51380]",Any,366,2339,15.6477127,% of Total cells that are Actin+ within 50um of CD68+OPN+,TRUE,3
HTAPP_NSC014bLT_FT_T1,mut,"HTAPP_NSC014bLT_FT_T1_Scan1_[15363,41107]",Any,899,3081,29.17883804,% of Total cells that are Actin+ within 50um of CD68+OPN+,TRUE,4
HTAPP_NSC014bLT_FT_T1,mut,"HTAPP_NSC014bLT_FT_T1_Scan1_[16523,52149]",Any,247,1609,15.35114978,% of Total cells that are Actin+ within 50um of CD68+OPN+,TRUE,5
HTAPP_NSC014bLT_FT_T1,mut,"HTAPP_NSC014bLT_FT_T1_Scan1_[13046,48250]",Any,362,2600,13.92307692,% of Total cells that are Actin+ within 50um of CD68+OPN+,TRUE,1
HTAPP_NSC014bLT_FT_T1,mut,"HTAPP_NSC014bLT_FT_T1_Scan1_[12171,49425]",Any,315,2036,15.47151277,% of Total cells that are Actin+ within 50um of CD68+OPN+,TRUE,0
HTAPP_NSC014bLT_FT_T1,mut,"HTAPP_NSC014bLT_FT_T1_Scan1_[14046,52626]",Any,153,1333,11.47786947,% of Total cells that are Actin+ within 50um of CD68+OPN+,TRUE,2
HTAPP_NSC009bLT_FT_T1,WT,"HTAPP_NSC009bLT_FT_T1_Scan1_[12996,41700]",Any,499,3312,15.06642512,% of Total cells that are Actin+ within 50um of CD68+OPN+,TRUE,0
HTAPP_NSC009bLT_FT_T1,WT,"HTAPP_NSC009bLT_FT_T1_Scan1_[7009,35596]",Any,427,3584,11.9140625,% of Total cells that are Actin+ within 50um of CD68+OPN+,TRUE,2
HTAPP_NSC009bLT_FT_T1,WT,"HTAPP_NSC009bLT_FT_T1_Scan1_[5633,45269]",Any,147,1196,12.2909699,% of Total cells that are Actin+ within 50um of CD68+OPN+,TRUE,1
HTAPP_NSC009bLT_FT_T1,WT,"HTAPP_NSC009bLT_FT_T1_Scan1_[8804,44802]",Any,314,2011,15.61412233,% of Total cells that are Actin+ within 50um of CD68+OPN+,TRUE,5
HTAPP_NSC009bLT_FT_T1,WT,"HTAPP_NSC009bLT_FT_T1_Scan1_[7549,41059]",Any,82,460,17.82608696,% of Total cells that are Actin+ within 50um of CD68+OPN+,TRUE,4
HTAPP_NSC009bLT_FT_T1,WT,"HTAPP_NSC009bLT_FT_T1_Scan1_[7109,40366]",Any,20,125,16,% of Total cells that are Actin+ within 50um of CD68+OPN+,TRUE,3
HTAPP_NSC001bLT_FT,WT,"HTAPP_NSC001bLT_FT_Scan1_[14089,40791]",Any,4,130,3.076923077,% of Total cells that are Actin+ within 50um of CD68+OPN+,TRUE,1
HTAPP_NSC001bLT_FT,WT,"HTAPP_NSC001bLT_FT_Scan1_[20291,37738]",Any,12,353,3.399433428,% of Total cells that are Actin+ within 50um of CD68+OPN+,TRUE,2
HTAPP_NSC001bLT_FT,WT,"HTAPP_NSC001bLT_FT_Scan1_[12081,36100]",Any,22,150,14.66666667,% of Total cells that are Actin+ within 50um of CD68+OPN+,TRUE,0
HTAPP_NSC001bLT_FT,WT,"HTAPP_NSC001bLT_FT_Scan1_[21813,38393]",Any,37,646,5.72755418,% of Total cells that are Actin+ within 50um of CD68+OPN+,TRUE,3
HTAPP_NSC001bLT_FT,WT,"HTAPP_NSC001bLT_FT_Scan1_[9692,41708]",Any,0,0,,% of Total cells that are Actin+ within 50um of CD68+OPN+,FALSE,4
HTAPP_NSC011bLT_FT_T1,mut,"HTAPP_NSC011bLT_FT_T1_Scan1_[17092,50631]",Any,147,1241,11.84528606,% of Total cells that are Actin+ within 50um of CD68+OPN+,TRUE,2
HTAPP_NSC011bLT_FT_T1,mut,"HTAPP_NSC011bLT_FT_T1_Scan1_[15795,50024]",Any,172,1096,15.69343066,% of Total cells that are Actin+ within 50um of CD68+OPN+,TRUE,1
HTAPP_NSC011bLT_FT_T1,mut,"HTAPP_NSC011bLT_FT_T1_Scan1_[8870,52239]",Any,103,1054,9.772296015,% of Total cells that are Actin+ within 50um of CD68+OPN+,TRUE,4
HTAPP_NSC011bLT_FT_T1,mut,"HTAPP_NSC011bLT_FT_T1_Scan1_[17672,49244]",Any,160,987,16.21073961,% of Total cells that are Actin+ within 50um of CD68+OPN+,TRUE,3
HTAPP_NSC011bLT_FT_T1,mut,"HTAPP_NSC011bLT_FT_T1_Scan1_[9172,50839]",Any,108,928,11.63793103,% of Total cells that are Actin+ within 50um of CD68+OPN+,TRUE,5
HTAPP_NSC011bLT_FT_T1,mut,"HTAPP_NSC011bLT_FT_T1_Scan1_[15795,49330]",Any,410,2986,13.73074347,% of Total cells that are Actin+ within 50um of CD68+OPN+,TRUE,0
HTAPP_NSC019bLT_FT_T1,WT,"HTAPP_NSC019bLT_FT_T1_Scan1_[17926,49343]",Any,100,991,10.09081736,% of Total cells that are Actin+ within 50um of CD68+OPN+,TRUE,2
HTAPP_NSC019bLT_FT_T1,WT,"HTAPP_NSC019bLT_FT_T1_Scan1_[18597,46320]",Any,64,540,11.85185185,% of Total cells that are Actin+ within 50um of CD68+OPN+,TRUE,4
HTAPP_NSC019bLT_FT_T1,WT,"HTAPP_NSC019bLT_FT_T1_Scan1_[18093,43800]",Any,112,793,14.12358134,% of Total cells that are Actin+ within 50um of CD68+OPN+,TRUE,3
HTAPP_NSC019bLT_FT_T1,WT,"HTAPP_NSC019bLT_FT_T1_Scan1_[9602,41710]",Any,292,1677,17.41204532,% of Total cells that are Actin+ within 50um of CD68+OPN+,TRUE,5
HTAPP_NSC019bLT_FT_T1,WT,"HTAPP_NSC019bLT_FT_T1_Scan1_[12929,45102]",Any,340,1841,18.46822379,% of Total cells that are Actin+ within 50um of CD68+OPN+,TRUE,0
HTAPP_NSC019bLT_FT_T1,WT,"HTAPP_NSC019bLT_FT_T1_Scan1_[14751,42558]",Any,520,3094,16.80672269,% of Total cells that are Actin+ within 50um of CD68+OPN+,TRUE,1
HTAPP_NSC004bLT_FT,WT,"HTAPP_NSC004bLT_FT_Scan1_[12294,38619]",Any,711,4316,16.47358665,% of Total cells that are Actin+ within 50um of CD68+OPN+,TRUE,0
HTAPP_NSC004bLT_FT,WT,"HTAPP_NSC004bLT_FT_Scan1_[16401,40644]",Any,609,4060,15,% of Total cells that are Actin+ within 50um of CD68+OPN+,TRUE,5
HTAPP_NSC004bLT_FT,WT,"HTAPP_NSC004bLT_FT_Scan1_[15837,38634]",Any,482,3295,14.62822458,% of Total cells that are Actin+ within 50um of CD68+OPN+,TRUE,4
HTAPP_NSC004bLT_FT,WT,"HTAPP_NSC004bLT_FT_Scan1_[15476,40363]",Any,528,3696,14.28571429,% of Total cells that are Actin+ within 50um of CD68+OPN+,TRUE,3
HTAPP_NSC004bLT_FT,WT,"HTAPP_NSC004bLT_FT_Scan1_[14458,39669]",Any,864,4423,19.53425277,% of Total cells that are Actin+ within 50um of CD68+OPN+,TRUE,2
HTAPP_NSC004bLT_FT,WT,"HTAPP_NSC004bLT_FT_Scan1_[13380,38272]",Any,1145,5017,22.82240383,% of Total cells that are Actin+ within 50um of CD68+OPN+,TRUE,1
HTAPP_NSC023bLT_FT_T1,WT,"HTAPP_NSC023bLT_FT_T1_Scan1_[11791,45367]",Any,2,95,2.105263158,% of Total cells that are Actin+ within 50um of CD68+OPN+,TRUE,0
HTAPP_NSC023bLT_FT_T1,WT,"HTAPP_NSC023bLT_FT_T1_Scan1_[12815,45205]",Any,42,661,6.354009077,% of Total cells that are Actin+ within 50um of CD68+OPN+,TRUE,2
HTAPP_NSC023bLT_FT_T1,WT,"HTAPP_NSC023bLT_FT_T1_Scan1_[16564,43540]",Any,23,212,10.8490566,% of Total cells that are Actin+ within 50um of CD68+OPN+,TRUE,5
HTAPP_NSC023bLT_FT_T1,WT,"HTAPP_NSC023bLT_FT_T1_Scan1_[12359,46375]",Any,44,445,9.887640449,% of Total cells that are Actin+ within 50um of CD68+OPN+,TRUE,1
HTAPP_NSC023bLT_FT_T1,WT,"HTAPP_NSC023bLT_FT_T1_Scan1_[16564,42847]",Any,0,0,,% of Total cells that are Actin+ within 50um of CD68+OPN+,FALSE,4
HTAPP_NSC023bLT_FT_T1,WT,"HTAPP_NSC023bLT_FT_T1_Scan1_[12859,44279]",Any,51,825,6.181818182,% of Total cells that are Actin+ within 50um of CD68+OPN+,TRUE,3
HTAPP_NSC005bLT_FT,WT,"HTAPP_NSC005bLT_FT_Scan1_[13072,37337]",Any,10,36,27.77777778,% of Total cells that are Glut+ in contact with CD68+OPN+,TRUE,1
HTAPP_NSC005bLT_FT,WT,"HTAPP_NSC005bLT_FT_Scan1_[14783,38259]",Any,3,16,18.75,% of Total cells that are Glut+ in contact with CD68+OPN+,TRUE,3
HTAPP_NSC005bLT_FT,WT,"HTAPP_NSC005bLT_FT_Scan1_[13110,46241]",Any,14,21,66.66666667,% of Total cells that are Glut+ in contact with CD68+OPN+,TRUE,2
HTAPP_NSC005bLT_FT,WT,"HTAPP_NSC005bLT_FT_Scan1_[12147,37209]",Any,6,31,19.35483871,% of Total cells that are Glut+ in contact with CD68+OPN+,TRUE,0
HTAPP_NSC006bLT_FT,mut,"HTAPP_NSC006bLT_FT_Scan1_[9425,49016]",Any,518,1791,28.92238973,% of Total cells that are Glut+ in contact with CD68+OPN+,TRUE,5
HTAPP_NSC006bLT_FT,mut,"HTAPP_NSC006bLT_FT_Scan1_[7921,48546]",Any,321,1311,24.48512586,% of Total cells that are Glut+ in contact with CD68+OPN+,TRUE,2
HTAPP_NSC006bLT_FT,mut,"HTAPP_NSC006bLT_FT_Scan1_[15697,49550]",Any,80,208,38.46153846,% of Total cells that are Glut+ in contact with CD68+OPN+,TRUE,1
HTAPP_NSC006bLT_FT,mut,"HTAPP_NSC006bLT_FT_Scan1_[9107,50297]",Any,668,965,69.22279793,% of Total cells that are Glut+ in contact with CD68+OPN+,TRUE,4
HTAPP_NSC006bLT_FT,mut,"HTAPP_NSC006bLT_FT_Scan1_[12497,51462]",Any,232,679,34.16789396,% of Total cells that are Glut+ in contact with CD68+OPN+,TRUE,0
HTAPP_NSC006bLT_FT,mut,"HTAPP_NSC006bLT_FT_Scan1_[8000,49772]",Any,172,755,22.78145695,% of Total cells that are Glut+ in contact with CD68+OPN+,TRUE,3
DFCI_GR_NSC014LT_FT,WT,"DFCI_GR_NSC014LT_FT_Scan1_[9521,41065]",Any,81,114,71.05263158,% of Total cells that are Glut+ in contact with CD68+OPN+,TRUE,8
DFCI_GR_NSC014LT_FT,WT,"DFCI_GR_NSC014LT_FT_Scan1_[9748,39432]",Any,119,262,45.41984733,% of Total cells that are Glut+ in contact with CD68+OPN+,TRUE,10
DFCI_GR_NSC014LT_FT,WT,"DFCI_GR_NSC014LT_FT_Scan1_[13604,44372]",Any,101,187,54.01069519,% of Total cells that are Glut+ in contact with CD68+OPN+,TRUE,3
DFCI_GR_NSC014LT_FT,WT,"DFCI_GR_NSC014LT_FT_Scan1_[9552,44491]",Any,35,96,36.45833333,% of Total cells that are Glut+ in contact with CD68+OPN+,TRUE,9
DFCI_GR_NSC014LT_FT,WT,"DFCI_GR_NSC014LT_FT_Scan1_[16256,40152]",Any,166,506,32.80632411,% of Total cells that are Glut+ in contact with CD68+OPN+,TRUE,5
DFCI_GR_NSC014LT_FT,WT,"DFCI_GR_NSC014LT_FT_Scan1_[12499,49270]",Any,138,379,36.4116095,% of Total cells that are Glut+ in contact with CD68+OPN+,TRUE,2
DFCI_GR_NSC014LT_FT,WT,"DFCI_GR_NSC014LT_FT_Scan1_[11003,44843]",Any,42,98,42.85714286,% of Total cells that are Glut+ in contact with CD68+OPN+,TRUE,0
DFCI_GR_NSC014LT_FT,WT,"DFCI_GR_NSC014LT_FT_Scan1_[13924,46127]",Any,83,400,20.75,% of Total cells that are Glut+ in contact with CD68+OPN+,TRUE,4
DFCI_GR_NSC014LT_FT,WT,"DFCI_GR_NSC014LT_FT_Scan1_[8789,46290]",Any,24,207,11.5942029,% of Total cells that are Glut+ in contact with CD68+OPN+,TRUE,7
DFCI_GR_NSC014LT_FT,WT,"DFCI_GR_NSC014LT_FT_Scan1_[11653,48213]",Any,56,554,10.10830325,% of Total cells that are Glut+ in contact with CD68+OPN+,TRUE,1
DFCI_GR_NSC014LT_FT,WT,"DFCI_GR_NSC014LT_FT_Scan1_[18041,35617]",Any,19,98,19.3877551,% of Total cells that are Glut+ in contact with CD68+OPN+,TRUE,6
HTAPP_NSC014bLT_FT_T1,mut,"HTAPP_NSC014bLT_FT_T1_Scan1_[14434,51380]",Any,126,167,75.4491018,% of Total cells that are Glut+ in contact with CD68+OPN+,TRUE,3
HTAPP_NSC014bLT_FT_T1,mut,"HTAPP_NSC014bLT_FT_T1_Scan1_[15363,41107]",Any,151,305,49.50819672,% of Total cells that are Glut+ in contact with CD68+OPN+,TRUE,4
HTAPP_NSC014bLT_FT_T1,mut,"HTAPP_NSC014bLT_FT_T1_Scan1_[16523,52149]",Any,92,136,67.64705882,% of Total cells that are Glut+ in contact with CD68+OPN+,TRUE,5
HTAPP_NSC014bLT_FT_T1,mut,"HTAPP_NSC014bLT_FT_T1_Scan1_[13046,48250]",Any,108,199,54.27135678,% of Total cells that are Glut+ in contact with CD68+OPN+,TRUE,1
HTAPP_NSC014bLT_FT_T1,mut,"HTAPP_NSC014bLT_FT_T1_Scan1_[12171,49425]",Any,60,140,42.85714286,% of Total cells that are Glut+ in contact with CD68+OPN+,TRUE,0
HTAPP_NSC014bLT_FT_T1,mut,"HTAPP_NSC014bLT_FT_T1_Scan1_[14046,52626]",Any,96,120,80,% of Total cells that are Glut+ in contact with CD68+OPN+,TRUE,2
HTAPP_NSC009bLT_FT_T1,WT,"HTAPP_NSC009bLT_FT_T1_Scan1_[12996,41700]",Any,83,479,17.32776618,% of Total cells that are Glut+ in contact with CD68+OPN+,TRUE,0
HTAPP_NSC009bLT_FT_T1,WT,"HTAPP_NSC009bLT_FT_T1_Scan1_[7009,35596]",Any,226,480,47.08333333,% of Total cells that are Glut+ in contact with CD68+OPN+,TRUE,2
HTAPP_NSC009bLT_FT_T1,WT,"HTAPP_NSC009bLT_FT_T1_Scan1_[5633,45269]",Any,12,75,16,% of Total cells that are Glut+ in contact with CD68+OPN+,TRUE,1
HTAPP_NSC009bLT_FT_T1,WT,"HTAPP_NSC009bLT_FT_T1_Scan1_[8804,44802]",Any,27,204,13.23529412,% of Total cells that are Glut+ in contact with CD68+OPN+,TRUE,5
HTAPP_NSC009bLT_FT_T1,WT,"HTAPP_NSC009bLT_FT_T1_Scan1_[7549,41059]",Any,5,27,18.51851852,% of Total cells that are Glut+ in contact with CD68+OPN+,TRUE,4
HTAPP_NSC009bLT_FT_T1,WT,"HTAPP_NSC009bLT_FT_T1_Scan1_[7109,40366]",Any,0,3,0,% of Total cells that are Glut+ in contact with CD68+OPN+,TRUE,3
HTAPP_NSC001bLT_FT,WT,"HTAPP_NSC001bLT_FT_Scan1_[14089,40791]",Any,1,7,14.28571429,% of Total cells that are Glut+ in contact with CD68+OPN+,TRUE,1
HTAPP_NSC001bLT_FT,WT,"HTAPP_NSC001bLT_FT_Scan1_[20291,37738]",Any,2,39,5.128205128,% of Total cells that are Glut+ in contact with CD68+OPN+,TRUE,2
HTAPP_NSC001bLT_FT,WT,"HTAPP_NSC001bLT_FT_Scan1_[12081,36100]",Any,0,5,0,% of Total cells that are Glut+ in contact with CD68+OPN+,TRUE,0
HTAPP_NSC001bLT_FT,WT,"HTAPP_NSC001bLT_FT_Scan1_[21813,38393]",Any,2,51,3.921568627,% of Total cells that are Glut+ in contact with CD68+OPN+,TRUE,3
HTAPP_NSC001bLT_FT,WT,"HTAPP_NSC001bLT_FT_Scan1_[9692,41708]",Any,0,0,,% of Total cells that are Glut+ in contact with CD68+OPN+,FALSE,4
HTAPP_NSC011bLT_FT_T1,mut,"HTAPP_NSC011bLT_FT_T1_Scan1_[17092,50631]",Any,2,73,2.739726027,% of Total cells that are Glut+ in contact with CD68+OPN+,TRUE,2
HTAPP_NSC011bLT_FT_T1,mut,"HTAPP_NSC011bLT_FT_T1_Scan1_[15795,50024]",Any,5,76,6.578947368,% of Total cells that are Glut+ in contact with CD68+OPN+,TRUE,1
HTAPP_NSC011bLT_FT_T1,mut,"HTAPP_NSC011bLT_FT_T1_Scan1_[8870,52239]",Any,2,55,3.636363636,% of Total cells that are Glut+ in contact with CD68+OPN+,TRUE,4
HTAPP_NSC011bLT_FT_T1,mut,"HTAPP_NSC011bLT_FT_T1_Scan1_[17672,49244]",Any,10,52,19.23076923,% of Total cells that are Glut+ in contact with CD68+OPN+,TRUE,3
HTAPP_NSC011bLT_FT_T1,mut,"HTAPP_NSC011bLT_FT_T1_Scan1_[9172,50839]",Any,0,34,0,% of Total cells that are Glut+ in contact with CD68+OPN+,TRUE,5
HTAPP_NSC011bLT_FT_T1,mut,"HTAPP_NSC011bLT_FT_T1_Scan1_[15795,49330]",Any,26,195,13.33333333,% of Total cells that are Glut+ in contact with CD68+OPN+,TRUE,0
HTAPP_NSC019bLT_FT_T1,WT,"HTAPP_NSC019bLT_FT_T1_Scan1_[17926,49343]",Any,0,55,0,% of Total cells that are Glut+ in contact with CD68+OPN+,TRUE,2
HTAPP_NSC019bLT_FT_T1,WT,"HTAPP_NSC019bLT_FT_T1_Scan1_[18597,46320]",Any,4,41,9.756097561,% of Total cells that are Glut+ in contact with CD68+OPN+,TRUE,4
HTAPP_NSC019bLT_FT_T1,WT,"HTAPP_NSC019bLT_FT_T1_Scan1_[18093,43800]",Any,11,60,18.33333333,% of Total cells that are Glut+ in contact with CD68+OPN+,TRUE,3
HTAPP_NSC019bLT_FT_T1,WT,"HTAPP_NSC019bLT_FT_T1_Scan1_[9602,41710]",Any,22,242,9.090909091,% of Total cells that are Glut+ in contact with CD68+OPN+,TRUE,5
HTAPP_NSC019bLT_FT_T1,WT,"HTAPP_NSC019bLT_FT_T1_Scan1_[12929,45102]",Any,4,283,1.413427562,% of Total cells that are Glut+ in contact with CD68+OPN+,TRUE,0
HTAPP_NSC019bLT_FT_T1,WT,"HTAPP_NSC019bLT_FT_T1_Scan1_[14751,42558]",Any,36,507,7.100591716,% of Total cells that are Glut+ in contact with CD68+OPN+,TRUE,1
HTAPP_NSC004bLT_FT,WT,"HTAPP_NSC004bLT_FT_Scan1_[12294,38619]",Any,148,614,24.10423453,% of Total cells that are Glut+ in contact with CD68+OPN+,TRUE,0
HTAPP_NSC004bLT_FT,WT,"HTAPP_NSC004bLT_FT_Scan1_[16401,40644]",Any,76,667,11.39430285,% of Total cells that are Glut+ in contact with CD68+OPN+,TRUE,5
HTAPP_NSC004bLT_FT,WT,"HTAPP_NSC004bLT_FT_Scan1_[15837,38634]",Any,18,339,5.309734513,% of Total cells that are Glut+ in contact with CD68+OPN+,TRUE,4
HTAPP_NSC004bLT_FT,WT,"HTAPP_NSC004bLT_FT_Scan1_[15476,40363]",Any,46,548,8.394160584,% of Total cells that are Glut+ in contact with CD68+OPN+,TRUE,3
HTAPP_NSC004bLT_FT,WT,"HTAPP_NSC004bLT_FT_Scan1_[14458,39669]",Any,195,1024,19.04296875,% of Total cells that are Glut+ in contact with CD68+OPN+,TRUE,2
HTAPP_NSC004bLT_FT,WT,"HTAPP_NSC004bLT_FT_Scan1_[13380,38272]",Any,202,1161,17.39879414,% of Total cells that are Glut+ in contact with CD68+OPN+,TRUE,1
HTAPP_NSC023bLT_FT_T1,WT,"HTAPP_NSC023bLT_FT_T1_Scan1_[11791,45367]",Any,1,1,100,% of Total cells that are Glut+ in contact with CD68+OPN+,TRUE,0
HTAPP_NSC023bLT_FT_T1,WT,"HTAPP_NSC023bLT_FT_T1_Scan1_[12815,45205]",Any,33,52,63.46153846,% of Total cells that are Glut+ in contact with CD68+OPN+,TRUE,2
HTAPP_NSC023bLT_FT_T1,WT,"HTAPP_NSC023bLT_FT_T1_Scan1_[16564,43540]",Any,7,11,63.63636364,% of Total cells that are Glut+ in contact with CD68+OPN+,TRUE,5
HTAPP_NSC023bLT_FT_T1,WT,"HTAPP_NSC023bLT_FT_T1_Scan1_[12359,46375]",Any,9,13,69.23076923,% of Total cells that are Glut+ in contact with CD68+OPN+,TRUE,1
HTAPP_NSC023bLT_FT_T1,WT,"HTAPP_NSC023bLT_FT_T1_Scan1_[16564,42847]",Any,0,0,,% of Total cells that are Glut+ in contact with CD68+OPN+,FALSE,4
HTAPP_NSC023bLT_FT_T1,WT,"HTAPP_NSC023bLT_FT_T1_Scan1_[12859,44279]",Any,31,48,64.58333333,% of Total cells that are Glut+ in contact with CD68+OPN+,TRUE,3
HTAPP_NSC005bLT_FT,WT,"HTAPP_NSC005bLT_FT_Scan1_[13072,37337]",Any,0,36,0,% of Total cells that are CD31+ in contact with CD68+OPN+,TRUE,1
HTAPP_NSC005bLT_FT,WT,"HTAPP_NSC005bLT_FT_Scan1_[14783,38259]",Any,0,16,0,% of Total cells that are CD31+ in contact with CD68+OPN+,TRUE,3
HTAPP_NSC005bLT_FT,WT,"HTAPP_NSC005bLT_FT_Scan1_[13110,46241]",Any,2,21,9.523809524,% of Total cells that are CD31+ in contact with CD68+OPN+,TRUE,2
HTAPP_NSC005bLT_FT,WT,"HTAPP_NSC005bLT_FT_Scan1_[12147,37209]",Any,1,31,3.225806452,% of Total cells that are CD31+ in contact with CD68+OPN+,TRUE,0
HTAPP_NSC006bLT_FT,mut,"HTAPP_NSC006bLT_FT_Scan1_[9425,49016]",Any,79,1791,4.410943607,% of Total cells that are CD31+ in contact with CD68+OPN+,TRUE,5
HTAPP_NSC006bLT_FT,mut,"HTAPP_NSC006bLT_FT_Scan1_[7921,48546]",Any,33,1311,2.517162471,% of Total cells that are CD31+ in contact with CD68+OPN+,TRUE,2
HTAPP_NSC006bLT_FT,mut,"HTAPP_NSC006bLT_FT_Scan1_[15697,49550]",Any,0,208,0,% of Total cells that are CD31+ in contact with CD68+OPN+,TRUE,1
HTAPP_NSC006bLT_FT,mut,"HTAPP_NSC006bLT_FT_Scan1_[9107,50297]",Any,7,965,0.725388601,% of Total cells that are CD31+ in contact with CD68+OPN+,TRUE,4
HTAPP_NSC006bLT_FT,mut,"HTAPP_NSC006bLT_FT_Scan1_[12497,51462]",Any,2,679,0.29455081,% of Total cells that are CD31+ in contact with CD68+OPN+,TRUE,0
HTAPP_NSC006bLT_FT,mut,"HTAPP_NSC006bLT_FT_Scan1_[8000,49772]",Any,16,755,2.119205298,% of Total cells that are CD31+ in contact with CD68+OPN+,TRUE,3
DFCI_GR_NSC014LT_FT,WT,"DFCI_GR_NSC014LT_FT_Scan1_[9521,41065]",Any,1,114,0.877192982,% of Total cells that are CD31+ in contact with CD68+OPN+,TRUE,8
DFCI_GR_NSC014LT_FT,WT,"DFCI_GR_NSC014LT_FT_Scan1_[9748,39432]",Any,3,262,1.145038168,% of Total cells that are CD31+ in contact with CD68+OPN+,TRUE,10
DFCI_GR_NSC014LT_FT,WT,"DFCI_GR_NSC014LT_FT_Scan1_[13604,44372]",Any,4,187,2.139037433,% of Total cells that are CD31+ in contact with CD68+OPN+,TRUE,3
DFCI_GR_NSC014LT_FT,WT,"DFCI_GR_NSC014LT_FT_Scan1_[9552,44491]",Any,4,96,4.166666667,% of Total cells that are CD31+ in contact with CD68+OPN+,TRUE,9
DFCI_GR_NSC014LT_FT,WT,"DFCI_GR_NSC014LT_FT_Scan1_[16256,40152]",Any,18,506,3.557312253,% of Total cells that are CD31+ in contact with CD68+OPN+,TRUE,5
DFCI_GR_NSC014LT_FT,WT,"DFCI_GR_NSC014LT_FT_Scan1_[12499,49270]",Any,16,379,4.221635884,% of Total cells that are CD31+ in contact with CD68+OPN+,TRUE,2
DFCI_GR_NSC014LT_FT,WT,"DFCI_GR_NSC014LT_FT_Scan1_[11003,44843]",Any,2,98,2.040816327,% of Total cells that are CD31+ in contact with CD68+OPN+,TRUE,0
DFCI_GR_NSC014LT_FT,WT,"DFCI_GR_NSC014LT_FT_Scan1_[13924,46127]",Any,10,400,2.5,% of Total cells that are CD31+ in contact with CD68+OPN+,TRUE,4
DFCI_GR_NSC014LT_FT,WT,"DFCI_GR_NSC014LT_FT_Scan1_[8789,46290]",Any,18,207,8.695652174,% of Total cells that are CD31+ in contact with CD68+OPN+,TRUE,7
DFCI_GR_NSC014LT_FT,WT,"DFCI_GR_NSC014LT_FT_Scan1_[11653,48213]",Any,44,554,7.942238267,% of Total cells that are CD31+ in contact with CD68+OPN+,TRUE,1
DFCI_GR_NSC014LT_FT,WT,"DFCI_GR_NSC014LT_FT_Scan1_[18041,35617]",Any,18,98,18.36734694,% of Total cells that are CD31+ in contact with CD68+OPN+,TRUE,6
HTAPP_NSC014bLT_FT_T1,mut,"HTAPP_NSC014bLT_FT_T1_Scan1_[14434,51380]",Any,2,167,1.19760479,% of Total cells that are CD31+ in contact with CD68+OPN+,TRUE,3
HTAPP_NSC014bLT_FT_T1,mut,"HTAPP_NSC014bLT_FT_T1_Scan1_[15363,41107]",Any,7,305,2.295081967,% of Total cells that are CD31+ in contact with CD68+OPN+,TRUE,4
HTAPP_NSC014bLT_FT_T1,mut,"HTAPP_NSC014bLT_FT_T1_Scan1_[16523,52149]",Any,1,136,0.735294118,% of Total cells that are CD31+ in contact with CD68+OPN+,TRUE,5
HTAPP_NSC014bLT_FT_T1,mut,"HTAPP_NSC014bLT_FT_T1_Scan1_[13046,48250]",Any,4,199,2.010050251,% of Total cells that are CD31+ in contact with CD68+OPN+,TRUE,1
HTAPP_NSC014bLT_FT_T1,mut,"HTAPP_NSC014bLT_FT_T1_Scan1_[12171,49425]",Any,6,140,4.285714286,% of Total cells that are CD31+ in contact with CD68+OPN+,TRUE,0
HTAPP_NSC014bLT_FT_T1,mut,"HTAPP_NSC014bLT_FT_T1_Scan1_[14046,52626]",Any,0,120,0,% of Total cells that are CD31+ in contact with CD68+OPN+,TRUE,2
HTAPP_NSC009bLT_FT_T1,WT,"HTAPP_NSC009bLT_FT_T1_Scan1_[12996,41700]",Any,44,479,9.185803758,% of Total cells that are CD31+ in contact with CD68+OPN+,TRUE,0
HTAPP_NSC009bLT_FT_T1,WT,"HTAPP_NSC009bLT_FT_T1_Scan1_[7009,35596]",Any,20,480,4.166666667,% of Total cells that are CD31+ in contact with CD68+OPN+,TRUE,2
HTAPP_NSC009bLT_FT_T1,WT,"HTAPP_NSC009bLT_FT_T1_Scan1_[5633,45269]",Any,5,75,6.666666667,% of Total cells that are CD31+ in contact with CD68+OPN+,TRUE,1
HTAPP_NSC009bLT_FT_T1,WT,"HTAPP_NSC009bLT_FT_T1_Scan1_[8804,44802]",Any,11,204,5.392156863,% of Total cells that are CD31+ in contact with CD68+OPN+,TRUE,5
HTAPP_NSC009bLT_FT_T1,WT,"HTAPP_NSC009bLT_FT_T1_Scan1_[7549,41059]",Any,3,27,11.11111111,% of Total cells that are CD31+ in contact with CD68+OPN+,TRUE,4
HTAPP_NSC009bLT_FT_T1,WT,"HTAPP_NSC009bLT_FT_T1_Scan1_[7109,40366]",Any,0,3,0,% of Total cells that are CD31+ in contact with CD68+OPN+,TRUE,3
HTAPP_NSC001bLT_FT,WT,"HTAPP_NSC001bLT_FT_Scan1_[14089,40791]",Any,0,7,0,% of Total cells that are CD31+ in contact with CD68+OPN+,TRUE,1
HTAPP_NSC001bLT_FT,WT,"HTAPP_NSC001bLT_FT_Scan1_[20291,37738]",Any,0,39,0,% of Total cells that are CD31+ in contact with CD68+OPN+,TRUE,2
HTAPP_NSC001bLT_FT,WT,"HTAPP_NSC001bLT_FT_Scan1_[12081,36100]",Any,0,5,0,% of Total cells that are CD31+ in contact with CD68+OPN+,TRUE,0
HTAPP_NSC001bLT_FT,WT,"HTAPP_NSC001bLT_FT_Scan1_[21813,38393]",Any,3,51,5.882352941,% of Total cells that are CD31+ in contact with CD68+OPN+,TRUE,3
HTAPP_NSC001bLT_FT,WT,"HTAPP_NSC001bLT_FT_Scan1_[9692,41708]",Any,0,0,,% of Total cells that are CD31+ in contact with CD68+OPN+,FALSE,4
HTAPP_NSC011bLT_FT_T1,mut,"HTAPP_NSC011bLT_FT_T1_Scan1_[17092,50631]",Any,0,73,0,% of Total cells that are CD31+ in contact with CD68+OPN+,TRUE,2
HTAPP_NSC011bLT_FT_T1,mut,"HTAPP_NSC011bLT_FT_T1_Scan1_[15795,50024]",Any,1,76,1.315789474,% of Total cells that are CD31+ in contact with CD68+OPN+,TRUE,1
HTAPP_NSC011bLT_FT_T1,mut,"HTAPP_NSC011bLT_FT_T1_Scan1_[8870,52239]",Any,3,55,5.454545455,% of Total cells that are CD31+ in contact with CD68+OPN+,TRUE,4
HTAPP_NSC011bLT_FT_T1,mut,"HTAPP_NSC011bLT_FT_T1_Scan1_[17672,49244]",Any,8,52,15.38461538,% of Total cells that are CD31+ in contact with CD68+OPN+,TRUE,3
HTAPP_NSC011bLT_FT_T1,mut,"HTAPP_NSC011bLT_FT_T1_Scan1_[9172,50839]",Any,1,34,2.941176471,% of Total cells that are CD31+ in contact with CD68+OPN+,TRUE,5
HTAPP_NSC011bLT_FT_T1,mut,"HTAPP_NSC011bLT_FT_T1_Scan1_[15795,49330]",Any,4,195,2.051282051,% of Total cells that are CD31+ in contact with CD68+OPN+,TRUE,0
HTAPP_NSC019bLT_FT_T1,WT,"HTAPP_NSC019bLT_FT_T1_Scan1_[17926,49343]",Any,0,55,0,% of Total cells that are CD31+ in contact with CD68+OPN+,TRUE,2
HTAPP_NSC019bLT_FT_T1,WT,"HTAPP_NSC019bLT_FT_T1_Scan1_[18597,46320]",Any,1,41,2.43902439,% of Total cells that are CD31+ in contact with CD68+OPN+,TRUE,4
HTAPP_NSC019bLT_FT_T1,WT,"HTAPP_NSC019bLT_FT_T1_Scan1_[18093,43800]",Any,3,60,5,% of Total cells that are CD31+ in contact with CD68+OPN+,TRUE,3
HTAPP_NSC019bLT_FT_T1,WT,"HTAPP_NSC019bLT_FT_T1_Scan1_[9602,41710]",Any,8,242,3.305785124,% of Total cells that are CD31+ in contact with CD68+OPN+,TRUE,5
HTAPP_NSC019bLT_FT_T1,WT,"HTAPP_NSC019bLT_FT_T1_Scan1_[12929,45102]",Any,9,283,3.180212014,% of Total cells that are CD31+ in contact with CD68+OPN+,TRUE,0
HTAPP_NSC019bLT_FT_T1,WT,"HTAPP_NSC019bLT_FT_T1_Scan1_[14751,42558]",Any,13,507,2.564102564,% of Total cells that are CD31+ in contact with CD68+OPN+,TRUE,1
HTAPP_NSC004bLT_FT,WT,"HTAPP_NSC004bLT_FT_Scan1_[12294,38619]",Any,6,614,0.977198697,% of Total cells that are CD31+ in contact with CD68+OPN+,TRUE,0
HTAPP_NSC004bLT_FT,WT,"HTAPP_NSC004bLT_FT_Scan1_[16401,40644]",Any,14,667,2.098950525,% of Total cells that are CD31+ in contact with CD68+OPN+,TRUE,5
HTAPP_NSC004bLT_FT,WT,"HTAPP_NSC004bLT_FT_Scan1_[15837,38634]",Any,2,339,0.589970501,% of Total cells that are CD31+ in contact with CD68+OPN+,TRUE,4
HTAPP_NSC004bLT_FT,WT,"HTAPP_NSC004bLT_FT_Scan1_[15476,40363]",Any,4,548,0.729927007,% of Total cells that are CD31+ in contact with CD68+OPN+,TRUE,3
HTAPP_NSC004bLT_FT,WT,"HTAPP_NSC004bLT_FT_Scan1_[14458,39669]",Any,18,1024,1.7578125,% of Total cells that are CD31+ in contact with CD68+OPN+,TRUE,2
HTAPP_NSC004bLT_FT,WT,"HTAPP_NSC004bLT_FT_Scan1_[13380,38272]",Any,24,1161,2.067183463,% of Total cells that are CD31+ in contact with CD68+OPN+,TRUE,1
HTAPP_NSC023bLT_FT_T1,WT,"HTAPP_NSC023bLT_FT_T1_Scan1_[11791,45367]",Any,0,1,0,% of Total cells that are CD31+ in contact with CD68+OPN+,TRUE,0
HTAPP_NSC023bLT_FT_T1,WT,"HTAPP_NSC023bLT_FT_T1_Scan1_[12815,45205]",Any,2,52,3.846153846,% of Total cells that are CD31+ in contact with CD68+OPN+,TRUE,2
HTAPP_NSC023bLT_FT_T1,WT,"HTAPP_NSC023bLT_FT_T1_Scan1_[16564,43540]",Any,1,11,9.090909091,% of Total cells that are CD31+ in contact with CD68+OPN+,TRUE,5
HTAPP_NSC023bLT_FT_T1,WT,"HTAPP_NSC023bLT_FT_T1_Scan1_[12359,46375]",Any,0,13,0,% of Total cells that are CD31+ in contact with CD68+OPN+,TRUE,1
HTAPP_NSC023bLT_FT_T1,WT,"HTAPP_NSC023bLT_FT_T1_Scan1_[16564,42847]",Any,0,0,,% of Total cells that are CD31+ in contact with CD68+OPN+,FALSE,4
HTAPP_NSC023bLT_FT_T1,WT,"HTAPP_NSC023bLT_FT_T1_Scan1_[12859,44279]",Any,1,48,2.083333333,% of Total cells that are CD31+ in contact with CD68+OPN+,TRUE,3
HTAPP_NSC005bLT_FT,WT,"HTAPP_NSC005bLT_FT_Scan1_[13072,37337]",Any,1,36,2.777777778,% of Total cells that are Actin+ in contact with CD68+OPN+,TRUE,1
HTAPP_NSC005bLT_FT,WT,"HTAPP_NSC005bLT_FT_Scan1_[14783,38259]",Any,1,16,6.25,% of Total cells that are Actin+ in contact with CD68+OPN+,TRUE,3
HTAPP_NSC005bLT_FT,WT,"HTAPP_NSC005bLT_FT_Scan1_[13110,46241]",Any,0,21,0,% of Total cells that are Actin+ in contact with CD68+OPN+,TRUE,2
HTAPP_NSC005bLT_FT,WT,"HTAPP_NSC005bLT_FT_Scan1_[12147,37209]",Any,0,31,0,% of Total cells that are Actin+ in contact with CD68+OPN+,TRUE,0
HTAPP_NSC006bLT_FT,mut,"HTAPP_NSC006bLT_FT_Scan1_[9425,49016]",Any,102,1791,5.695142379,% of Total cells that are Actin+ in contact with CD68+OPN+,TRUE,5
HTAPP_NSC006bLT_FT,mut,"HTAPP_NSC006bLT_FT_Scan1_[7921,48546]",Any,48,1311,3.661327231,% of Total cells that are Actin+ in contact with CD68+OPN+,TRUE,2
HTAPP_NSC006bLT_FT,mut,"HTAPP_NSC006bLT_FT_Scan1_[15697,49550]",Any,37,208,17.78846154,% of Total cells that are Actin+ in contact with CD68+OPN+,TRUE,1
HTAPP_NSC006bLT_FT,mut,"HTAPP_NSC006bLT_FT_Scan1_[9107,50297]",Any,19,965,1.968911917,% of Total cells that are Actin+ in contact with CD68+OPN+,TRUE,4
HTAPP_NSC006bLT_FT,mut,"HTAPP_NSC006bLT_FT_Scan1_[12497,51462]",Any,40,679,5.8910162,% of Total cells that are Actin+ in contact with CD68+OPN+,TRUE,0
HTAPP_NSC006bLT_FT,mut,"HTAPP_NSC006bLT_FT_Scan1_[8000,49772]",Any,38,755,5.033112583,% of Total cells that are Actin+ in contact with CD68+OPN+,TRUE,3
DFCI_GR_NSC014LT_FT,WT,"DFCI_GR_NSC014LT_FT_Scan1_[9521,41065]",Any,8,114,7.01754386,% of Total cells that are Actin+ in contact with CD68+OPN+,TRUE,8
DFCI_GR_NSC014LT_FT,WT,"DFCI_GR_NSC014LT_FT_Scan1_[9748,39432]",Any,10,262,3.816793893,% of Total cells that are Actin+ in contact with CD68+OPN+,TRUE,10
DFCI_GR_NSC014LT_FT,WT,"DFCI_GR_NSC014LT_FT_Scan1_[13604,44372]",Any,10,187,5.347593583,% of Total cells that are Actin+ in contact with CD68+OPN+,TRUE,3
DFCI_GR_NSC014LT_FT,WT,"DFCI_GR_NSC014LT_FT_Scan1_[9552,44491]",Any,18,96,18.75,% of Total cells that are Actin+ in contact with CD68+OPN+,TRUE,9
DFCI_GR_NSC014LT_FT,WT,"DFCI_GR_NSC014LT_FT_Scan1_[16256,40152]",Any,1,506,0.197628458,% of Total cells that are Actin+ in contact with CD68+OPN+,TRUE,5
DFCI_GR_NSC014LT_FT,WT,"DFCI_GR_NSC014LT_FT_Scan1_[12499,49270]",Any,24,379,6.332453826,% of Total cells that are Actin+ in contact with CD68+OPN+,TRUE,2
DFCI_GR_NSC014LT_FT,WT,"DFCI_GR_NSC014LT_FT_Scan1_[11003,44843]",Any,8,98,8.163265306,% of Total cells that are Actin+ in contact with CD68+OPN+,TRUE,0
DFCI_GR_NSC014LT_FT,WT,"DFCI_GR_NSC014LT_FT_Scan1_[13924,46127]",Any,42,400,10.5,% of Total cells that are Actin+ in contact with CD68+OPN+,TRUE,4
DFCI_GR_NSC014LT_FT,WT,"DFCI_GR_NSC014LT_FT_Scan1_[8789,46290]",Any,14,207,6.763285024,% of Total cells that are Actin+ in contact with CD68+OPN+,TRUE,7
DFCI_GR_NSC014LT_FT,WT,"DFCI_GR_NSC014LT_FT_Scan1_[11653,48213]",Any,57,554,10.28880866,% of Total cells that are Actin+ in contact with CD68+OPN+,TRUE,1
DFCI_GR_NSC014LT_FT,WT,"DFCI_GR_NSC014LT_FT_Scan1_[18041,35617]",Any,0,98,0,% of Total cells that are Actin+ in contact with CD68+OPN+,TRUE,6
HTAPP_NSC014bLT_FT_T1,mut,"HTAPP_NSC014bLT_FT_T1_Scan1_[14434,51380]",Any,17,167,10.17964072,% of Total cells that are Actin+ in contact with CD68+OPN+,TRUE,3
HTAPP_NSC014bLT_FT_T1,mut,"HTAPP_NSC014bLT_FT_T1_Scan1_[15363,41107]",Any,76,305,24.91803279,% of Total cells that are Actin+ in contact with CD68+OPN+,TRUE,4
HTAPP_NSC014bLT_FT_T1,mut,"HTAPP_NSC014bLT_FT_T1_Scan1_[16523,52149]",Any,12,136,8.823529412,% of Total cells that are Actin+ in contact with CD68+OPN+,TRUE,5
HTAPP_NSC014bLT_FT_T1,mut,"HTAPP_NSC014bLT_FT_T1_Scan1_[13046,48250]",Any,26,199,13.06532663,% of Total cells that are Actin+ in contact with CD68+OPN+,TRUE,1
HTAPP_NSC014bLT_FT_T1,mut,"HTAPP_NSC014bLT_FT_T1_Scan1_[12171,49425]",Any,20,140,14.28571429,% of Total cells that are Actin+ in contact with CD68+OPN+,TRUE,0
HTAPP_NSC014bLT_FT_T1,mut,"HTAPP_NSC014bLT_FT_T1_Scan1_[14046,52626]",Any,7,120,5.833333333,% of Total cells that are Actin+ in contact with CD68+OPN+,TRUE,2
HTAPP_NSC009bLT_FT_T1,WT,"HTAPP_NSC009bLT_FT_T1_Scan1_[12996,41700]",Any,85,479,17.74530271,% of Total cells that are Actin+ in contact with CD68+OPN+,TRUE,0
HTAPP_NSC009bLT_FT_T1,WT,"HTAPP_NSC009bLT_FT_T1_Scan1_[7009,35596]",Any,36,480,7.5,% of Total cells that are Actin+ in contact with CD68+OPN+,TRUE,2
HTAPP_NSC009bLT_FT_T1,WT,"HTAPP_NSC009bLT_FT_T1_Scan1_[5633,45269]",Any,8,75,10.66666667,% of Total cells that are Actin+ in contact with CD68+OPN+,TRUE,1
HTAPP_NSC009bLT_FT_T1,WT,"HTAPP_NSC009bLT_FT_T1_Scan1_[8804,44802]",Any,34,204,16.66666667,% of Total cells that are Actin+ in contact with CD68+OPN+,TRUE,5
HTAPP_NSC009bLT_FT_T1,WT,"HTAPP_NSC009bLT_FT_T1_Scan1_[7549,41059]",Any,6,27,22.22222222,% of Total cells that are Actin+ in contact with CD68+OPN+,TRUE,4
HTAPP_NSC009bLT_FT_T1,WT,"HTAPP_NSC009bLT_FT_T1_Scan1_[7109,40366]",Any,0,3,0,% of Total cells that are Actin+ in contact with CD68+OPN+,TRUE,3
HTAPP_NSC001bLT_FT,WT,"HTAPP_NSC001bLT_FT_Scan1_[14089,40791]",Any,0,7,0,% of Total cells that are Actin+ in contact with CD68+OPN+,TRUE,1
HTAPP_NSC001bLT_FT,WT,"HTAPP_NSC001bLT_FT_Scan1_[20291,37738]",Any,3,39,7.692307692,% of Total cells that are Actin+ in contact with CD68+OPN+,TRUE,2
HTAPP_NSC001bLT_FT,WT,"HTAPP_NSC001bLT_FT_Scan1_[12081,36100]",Any,2,5,40,% of Total cells that are Actin+ in contact with CD68+OPN+,TRUE,0
HTAPP_NSC001bLT_FT,WT,"HTAPP_NSC001bLT_FT_Scan1_[21813,38393]",Any,5,51,9.803921569,% of Total cells that are Actin+ in contact with CD68+OPN+,TRUE,3
HTAPP_NSC001bLT_FT,WT,"HTAPP_NSC001bLT_FT_Scan1_[9692,41708]",Any,0,0,,% of Total cells that are Actin+ in contact with CD68+OPN+,FALSE,4
HTAPP_NSC011bLT_FT_T1,mut,"HTAPP_NSC011bLT_FT_T1_Scan1_[17092,50631]",Any,5,73,6.849315068,% of Total cells that are Actin+ in contact with CD68+OPN+,TRUE,2
HTAPP_NSC011bLT_FT_T1,mut,"HTAPP_NSC011bLT_FT_T1_Scan1_[15795,50024]",Any,7,76,9.210526316,% of Total cells that are Actin+ in contact with CD68+OPN+,TRUE,1
HTAPP_NSC011bLT_FT_T1,mut,"HTAPP_NSC011bLT_FT_T1_Scan1_[8870,52239]",Any,3,55,5.454545455,% of Total cells that are Actin+ in contact with CD68+OPN+,TRUE,4
HTAPP_NSC011bLT_FT_T1,mut,"HTAPP_NSC011bLT_FT_T1_Scan1_[17672,49244]",Any,5,52,9.615384615,% of Total cells that are Actin+ in contact with CD68+OPN+,TRUE,3
HTAPP_NSC011bLT_FT_T1,mut,"HTAPP_NSC011bLT_FT_T1_Scan1_[9172,50839]",Any,1,34,2.941176471,% of Total cells that are Actin+ in contact with CD68+OPN+,TRUE,5
HTAPP_NSC011bLT_FT_T1,mut,"HTAPP_NSC011bLT_FT_T1_Scan1_[15795,49330]",Any,17,195,8.717948718,% of Total cells that are Actin+ in contact with CD68+OPN+,TRUE,0
HTAPP_NSC019bLT_FT_T1,WT,"HTAPP_NSC019bLT_FT_T1_Scan1_[17926,49343]",Any,3,55,5.454545455,% of Total cells that are Actin+ in contact with CD68+OPN+,TRUE,2
HTAPP_NSC019bLT_FT_T1,WT,"HTAPP_NSC019bLT_FT_T1_Scan1_[18597,46320]",Any,3,41,7.317073171,% of Total cells that are Actin+ in contact with CD68+OPN+,TRUE,4
HTAPP_NSC019bLT_FT_T1,WT,"HTAPP_NSC019bLT_FT_T1_Scan1_[18093,43800]",Any,2,60,3.333333333,% of Total cells that are Actin+ in contact with CD68+OPN+,TRUE,3
HTAPP_NSC019bLT_FT_T1,WT,"HTAPP_NSC019bLT_FT_T1_Scan1_[9602,41710]",Any,44,242,18.18181818,% of Total cells that are Actin+ in contact with CD68+OPN+,TRUE,5
HTAPP_NSC019bLT_FT_T1,WT,"HTAPP_NSC019bLT_FT_T1_Scan1_[12929,45102]",Any,23,283,8.127208481,% of Total cells that are Actin+ in contact with CD68+OPN+,TRUE,0
HTAPP_NSC019bLT_FT_T1,WT,"HTAPP_NSC019bLT_FT_T1_Scan1_[14751,42558]",Any,88,507,17.35700197,% of Total cells that are Actin+ in contact with CD68+OPN+,TRUE,1
HTAPP_NSC004bLT_FT,WT,"HTAPP_NSC004bLT_FT_Scan1_[12294,38619]",Any,71,614,11.56351792,% of Total cells that are Actin+ in contact with CD68+OPN+,TRUE,0
HTAPP_NSC004bLT_FT,WT,"HTAPP_NSC004bLT_FT_Scan1_[16401,40644]",Any,57,667,8.545727136,% of Total cells that are Actin+ in contact with CD68+OPN+,TRUE,5
HTAPP_NSC004bLT_FT,WT,"HTAPP_NSC004bLT_FT_Scan1_[15837,38634]",Any,28,339,8.259587021,% of Total cells that are Actin+ in contact with CD68+OPN+,TRUE,4
HTAPP_NSC004bLT_FT,WT,"HTAPP_NSC004bLT_FT_Scan1_[15476,40363]",Any,30,548,5.474452555,% of Total cells that are Actin+ in contact with CD68+OPN+,TRUE,3
HTAPP_NSC004bLT_FT,WT,"HTAPP_NSC004bLT_FT_Scan1_[14458,39669]",Any,112,1024,10.9375,% of Total cells that are Actin+ in contact with CD68+OPN+,TRUE,2
HTAPP_NSC004bLT_FT,WT,"HTAPP_NSC004bLT_FT_Scan1_[13380,38272]",Any,168,1161,14.47028424,% of Total cells that are Actin+ in contact with CD68+OPN+,TRUE,1
HTAPP_NSC023bLT_FT_T1,WT,"HTAPP_NSC023bLT_FT_T1_Scan1_[11791,45367]",Any,0,1,0,% of Total cells that are Actin+ in contact with CD68+OPN+,TRUE,0
HTAPP_NSC023bLT_FT_T1,WT,"HTAPP_NSC023bLT_FT_T1_Scan1_[12815,45205]",Any,0,52,0,% of Total cells that are Actin+ in contact with CD68+OPN+,TRUE,2
HTAPP_NSC023bLT_FT_T1,WT,"HTAPP_NSC023bLT_FT_T1_Scan1_[16564,43540]",Any,1,11,9.090909091,% of Total cells that are Actin+ in contact with CD68+OPN+,TRUE,5
HTAPP_NSC023bLT_FT_T1,WT,"HTAPP_NSC023bLT_FT_T1_Scan1_[12359,46375]",Any,0,13,0,% of Total cells that are Actin+ in contact with CD68+OPN+,TRUE,1
HTAPP_NSC023bLT_FT_T1,WT,"HTAPP_NSC023bLT_FT_T1_Scan1_[16564,42847]",Any,0,0,,% of Total cells that are Actin+ in contact with CD68+OPN+,FALSE,4
HTAPP_NSC023bLT_FT_T1,WT,"HTAPP_NSC023bLT_FT_T1_Scan1_[12859,44279]",Any,1,48,2.083333333,% of Total cells that are Actin+ in contact with CD68+OPN+,TRUE,3